BFO:0000019	quality	http://aims.fao.org/aos/agrovoc/c_6400	quality	properties	
CHEBI:15377	water	http://aims.fao.org/aos/agrovoc/c_8309	water	substances	
CHEBI:15422	ATP	http://aims.fao.org/aos/agrovoc/c_125	ATP	substances	
CHEBI:15611	sarcosine	http://aims.fao.org/aos/agrovoc/c_6808	sarcosine	substances	
CHEBI:16134	ammonia	http://aims.fao.org/aos/agrovoc/c_349	ammonia	substances	
CHEBI:16183	methane	http://aims.fao.org/aos/agrovoc/c_4784	methane	substances	
CHEBI:16189	sulfate	http://aims.fao.org/aos/agrovoc/c_7510	sulphates	substances	
CHEBI:16199	urea	http://aims.fao.org/aos/agrovoc/c_8090	urea	substances	
CHEBI:16236	ethanol	http://aims.fao.org/aos/agrovoc/c_10677	ethanol	substances	
CHEBI:16301	nitrite	http://aims.fao.org/aos/agrovoc/c_5190	nitrites	substances	
CHEBI:16526	carbon dioxide	http://aims.fao.org/aos/agrovoc/c_1302	carbon dioxide	substances	
CHEBI:16646	carbohydrate	http://aims.fao.org/aos/agrovoc/c_1300	carbohydrates	substances	
CHEBI:16670	peptide	http://aims.fao.org/aos/agrovoc/c_5691	peptides	substances	
CHEBI:17051	fluoride	http://aims.fao.org/aos/agrovoc/c_2995	fluorides	substances	
CHEBI:17087	ketone	http://aims.fao.org/aos/agrovoc/c_4093	ketones	substances	
CHEBI:17245	carbon monoxide	http://aims.fao.org/aos/agrovoc/c_1303	carbon monoxide	substances	
CHEBI:17347	testosterone	http://aims.fao.org/aos/agrovoc/c_7684	testosterone	substances	
CHEBI:17632	nitrate	http://aims.fao.org/aos/agrovoc/c_5187	nitrates	substances	
CHEBI:17996	chloride	http://aims.fao.org/aos/agrovoc/c_1567	chlorides	substances	
CHEBI:18059	lipid	http://aims.fao.org/aos/agrovoc/c_4362	lipids	substances	
CHEBI:18154	polysaccharide	http://aims.fao.org/aos/agrovoc/c_6097	polysaccharides	substances	
CHEBI:18254	ribonucleoside	http://aims.fao.org/aos/agrovoc/c_6594	ribonucleosides	substances	
CHEBI:18310	alkane	http://aims.fao.org/aos/agrovoc/c_37402	alkanes	substances	
CHEBI:18422	sulfur dioxide	http://aims.fao.org/aos/agrovoc/c_7515	sulphur dioxide	substances	
CHEBI:22260	adenosines	http://aims.fao.org/aos/agrovoc/c_122	adenosine	substances	
CHEBI:22315	alkaloid	http://aims.fao.org/aos/agrovoc/c_269	alkaloids	substances	
CHEBI:22563	anion	http://aims.fao.org/aos/agrovoc/c_16163	anions	substances	
CHEBI:22712	benzenes	http://aims.fao.org/aos/agrovoc/c_879	benzene	substances	
CHEBI:22718	benzoates	http://aims.fao.org/aos/agrovoc/c_28255	benzoates	substances	
CHEBI:23888	drug	http://aims.fao.org/aos/agrovoc/c_2395	drugs	substances	
CHEBI:23924	enzyme inhibitor	http://aims.fao.org/aos/agrovoc/c_2599	enzyme inhibitors	substances	
CHEBI:24433	group	http://aims.fao.org/aos/agrovoc/c_50227	groups	groups	
CHEBI:24436	guanidines	http://aims.fao.org/aos/agrovoc/c_32045	guanidines	substances	
CHEBI:24473	halogen	http://aims.fao.org/aos/agrovoc/c_3477	halogens	substances	
CHEBI:24632	hydrocarbon	http://aims.fao.org/aos/agrovoc/c_3719	hydrocarbons	substances	
CHEBI:24651	hydroxides	http://aims.fao.org/aos/agrovoc/c_3736	hydroxides	substances	
CHEBI:24828	indoles	http://aims.fao.org/aos/agrovoc/c_3839	indoles	substances	
CHEBI:24870	ion	http://aims.fao.org/aos/agrovoc/c_16162	ions	substances	
CHEBI:25017	leucine	http://aims.fao.org/aos/agrovoc/c_4292	leucine	substances	
CHEBI:25212	metabolite	http://aims.fao.org/aos/agrovoc/c_4770	metabolites	substances	
CHEBI:25274	methylamines	http://aims.fao.org/aos/agrovoc/c_36157	methylamines	substances	
CHEBI:25435	mutagen	http://aims.fao.org/aos/agrovoc/c_34866	mutagenicity	properties	
CHEBI:25435	mutagen	http://aims.fao.org/aos/agrovoc/c_5012	mutagens	substances	
CHEBI:25442	mycotoxin	http://aims.fao.org/aos/agrovoc/c_5026	mycotoxins	substances	
CHEBI:25512	neurotransmitter	http://aims.fao.org/aos/agrovoc/c_26868	neurotransmitters	substances	
CHEBI:25698	ether	http://aims.fao.org/aos/agrovoc/c_35739	ethers	substances	
CHEBI:25710	organophosphorus compound	http://aims.fao.org/aos/agrovoc/c_5401	organophosphorus compounds	substances	
CHEBI:25741	oxide	http://aims.fao.org/aos/agrovoc/c_24879	oxidants	substances	
CHEBI:25741	oxide	http://aims.fao.org/aos/agrovoc/c_5472	oxidation	phenomena	
CHEBI:25741	oxide	http://aims.fao.org/aos/agrovoc/c_5473	oxides	substances	
CHEBI:25812	ozone	http://aims.fao.org/aos/agrovoc/c_5485	ozone	substances	
CHEBI:26020	phosphate	http://aims.fao.org/aos/agrovoc/c_35986	phosphates	substances	
CHEBI:26214	porphyrins	http://aims.fao.org/aos/agrovoc/c_6121	porphyrins	substances	
CHEBI:26401	purines	http://aims.fao.org/aos/agrovoc/c_6379	purines	substances	
CHEBI:26421	pyridines	http://aims.fao.org/aos/agrovoc/c_6385	pyridines	substances	
CHEBI:26523	reactive oxygen species	http://aims.fao.org/aos/agrovoc/c_92379	reactive oxygen species	substances	
CHEBI:26607	saturated fatty acid	http://aims.fao.org/aos/agrovoc/c_29238	saturated fatty acids	substances	
CHEBI:26710	sodium chloride	http://aims.fao.org/aos/agrovoc/c_7146	sodium chloride	substances	
CHEBI:26822	sulfide	http://aims.fao.org/aos/agrovoc/c_7511	sulphides	substances	
CHEBI:26986	threonine	http://aims.fao.org/aos/agrovoc/c_7737	threonine	substances	
CHEBI:27026	toxin	http://aims.fao.org/aos/agrovoc/c_7828	toxins	substances	
CHEBI:27027	micronutrient	http://aims.fao.org/aos/agrovoc/c_7834	trace elements	substances	
CHEBI:27338	xylene	http://aims.fao.org/aos/agrovoc/c_8472	xylene	substances	
CHEBI:28938	ammonium	http://aims.fao.org/aos/agrovoc/c_32634	ammonium	substances	
CHEBI:28966	chlorophyll	http://aims.fao.org/aos/agrovoc/c_1577	chlorophylls	substances	
CHEBI:28976	carbonic acid	http://aims.fao.org/aos/agrovoc/c_28208	carbonic acid	substances	
CHEBI:30762	salicylate	http://aims.fao.org/aos/agrovoc/c_6747	salicylates	substances	
CHEBI:30879	alcohol	http://aims.fao.org/aos/agrovoc/c_249	alcohols	substances	
CHEBI:30879	alcohol	http://aims.fao.org/aos/agrovoc/c_29199	alcoholism	phenomena	
CHEBI:32952	amine	http://aims.fao.org/aos/agrovoc/c_341	amines	substances	
CHEBI:32988	amide	http://aims.fao.org/aos/agrovoc/c_338	amides	substances	
CHEBI:33232	application	http://aims.fao.org/aos/agrovoc/c_331436	application	activities	
CHEBI:33281	antimicrobial agent	http://aims.fao.org/aos/agrovoc/c_92344	antimicrobial agents	substances	
CHEBI:33284	nutrient	http://aims.fao.org/aos/agrovoc/c_5274	nutrients	substances	
CHEBI:33286	agrochemical	http://aims.fao.org/aos/agrovoc/c_24430	agrochemicals	substances	
CHEBI:33287	fertilizer	http://aims.fao.org/aos/agrovoc/c_2862	fertility	properties	
CHEBI:33287	fertilizer	http://aims.fao.org/aos/agrovoc/c_2863	fertilization	phenomena	
CHEBI:33287	fertilizer	http://aims.fao.org/aos/agrovoc/c_2867	fertilizers	resources	
CHEBI:33292	fuel	http://aims.fao.org/aos/agrovoc/c_3136	fuels	resources	
CHEBI:33575	carboxylic acid	http://aims.fao.org/aos/agrovoc/c_27631	carboxylic acids	substances	
CHEBI:33653	aliphatic compound	http://aims.fao.org/aos/agrovoc/c_27446	aliphatic compounds	substances	
CHEBI:33655	aromatic compound	http://aims.fao.org/aos/agrovoc/c_622	aromatic compounds	substances	
CHEBI:33709	amino acid	http://aims.fao.org/aos/agrovoc/c_342	amino acids	substances	
CHEBI:33838	nucleoside	http://aims.fao.org/aos/agrovoc/c_5258	nucleosides	substances	
CHEBI:35195	surfactant	http://aims.fao.org/aos/agrovoc/c_7529	surfactants	substances	
CHEBI:35196	nitrogen oxide	http://aims.fao.org/aos/agrovoc/c_16002	nitrogen oxides	substances	
CHEBI:35209	label	http://aims.fao.org/aos/agrovoc/c_330899	labelling	activities	
CHEBI:35209	label	http://aims.fao.org/aos/agrovoc/c_330900	labels	entities	
CHEBI:35341	steroid	http://aims.fao.org/aos/agrovoc/c_7407	steroids	substances	
CHEBI:35366	fatty acid	http://aims.fao.org/aos/agrovoc/c_2818	fatty acids	substances	
CHEBI:35441	antiinfective agent	http://aims.fao.org/aos/agrovoc/c_509	antimicrobials	substances	
CHEBI:35480	analgesic	http://aims.fao.org/aos/agrovoc/c_383	analgesics	substances	
CHEBI:35701	ester	http://aims.fao.org/aos/agrovoc/c_2671	esters	substances	
CHEBI:36586	carbonyl compound	http://aims.fao.org/aos/agrovoc/c_28306	carbonyl compounds	substances	
CHEBI:36683	organochlorine compound	http://aims.fao.org/aos/agrovoc/c_5395	organochlorine compounds	substances	
CHEBI:36916	cation	http://aims.fao.org/aos/agrovoc/c_16169	cations	substances	
CHEBI:36976	nucleotide	http://aims.fao.org/aos/agrovoc/c_5259	nucleotides	substances	
CHEBI:37163	glucan	http://aims.fao.org/aos/agrovoc/c_3285	glucans	substances	
CHEBI:37527	acid	http://aims.fao.org/aos/agrovoc/c_92	acids	substances	
CHEBI:38867	anaesthetic	http://aims.fao.org/aos/agrovoc/c_381	anaesthetics	substances	
CHEBI:41609	carbonate	http://aims.fao.org/aos/agrovoc/c_1301	carbon	substances	
CHEBI:41609	carbonate	http://aims.fao.org/aos/agrovoc/c_1306	carbonates	substances	
CHEBI:41609	carbonate	http://aims.fao.org/aos/agrovoc/c_1307	carbonation	activities	
CHEBI:46662	mineral	http://aims.fao.org/aos/agrovoc/c_15999	mineralization	phenomena	
CHEBI:46662	mineral	http://aims.fao.org/aos/agrovoc/c_4857	minerals	substances	
CHEBI:46787	solvent	http://aims.fao.org/aos/agrovoc/c_7236	solvents	substances	
CHEBI:47867	indicator	http://aims.fao.org/aos/agrovoc/c_330058	indicators	measure	
CHEBI:48107	nitric acid	http://aims.fao.org/aos/agrovoc/c_5188	nitric acid	substances	
CHEBI:48219	disinfectant	http://aims.fao.org/aos/agrovoc/c_10397	disinfection	activities	
CHEBI:48219	disinfectant	http://aims.fao.org/aos/agrovoc/c_2331	disinfectants	substances	
CHEBI:50904	allergen	http://aims.fao.org/aos/agrovoc/c_273	allergens	factors	
CHEBI:50910	neurotoxin	http://aims.fao.org/aos/agrovoc/c_24556	neurotoxins	substances	
CHEBI:52214	ligand	http://aims.fao.org/aos/agrovoc/c_27567	ligands	substances	
CHEBI:5686	heterocyclic compound	http://aims.fao.org/aos/agrovoc/c_3579	heterocyclic compounds	substances	
CHEBI:59999	chemical substance	http://aims.fao.org/aos/agrovoc/c_49872	chemical substances	substances	
CHEBI:63046	emulsifier	http://aims.fao.org/aos/agrovoc/c_2553	emulsifiers	substances	
CHEBI:63046	emulsifier	http://aims.fao.org/aos/agrovoc/c_2554	emulsifying	activities	
CHEBI:64047	food additive	http://aims.fao.org/aos/agrovoc/c_3011	food additives	substances	
CHEBI:64709	organic acid	http://aims.fao.org/aos/agrovoc/c_5383	organic acids	substances	
CHEBI:64909	poison	http://aims.fao.org/aos/agrovoc/c_6051	poisoning	phenomena	
CHEBI:78433	refrigerant	http://aims.fao.org/aos/agrovoc/c_28326	refrigerants	substances	
CHEBI:78433	refrigerant	http://aims.fao.org/aos/agrovoc/c_36496	refrigerators	objects	
CHEBI:78433	refrigerant	http://aims.fao.org/aos/agrovoc/c_6485	refrigeration	activities	
CHEBI:8108	pheophytin	http://aims.fao.org/aos/agrovoc/c_28495	phaeophytins	substances	
CHEBI:86471	pyrite	http://aims.fao.org/aos/agrovoc/c_15922	pyrites	substances	
CHEBI:9171	skatole	http://aims.fao.org/aos/agrovoc/c_34107	skatole	substances	
ENVO:00000003	mine tailing	http://aims.fao.org/aos/agrovoc/c_7591	tail	entities	
ENVO:00000004	administrative region	http://aims.fao.org/aos/agrovoc/c_130	administration	activities	
ENVO:00000009	national geopolitical entity	http://aims.fao.org/aos/agrovoc/c_330998	state	state	
ENVO:00000011	garden	http://aims.fao.org/aos/agrovoc/c_2808	farmland	resources	
ENVO:00000015	ocean	http://aims.fao.org/aos/agrovoc/c_12890	Oceans	features	
ENVO:00000016	sea	http://aims.fao.org/aos/agrovoc/c_14148	Seas	features	
ENVO:00000020	lake	http://aims.fao.org/aos/agrovoc/c_4160	lakes	features	,resources	
ENVO:00000023	stream	http://aims.fao.org/aos/agrovoc/c_6617	rivers	features	,resources	
ENVO:00000025	reservoir	http://aims.fao.org/aos/agrovoc/c_8324	water reservoirs	entities	
ENVO:00000026	well	http://aims.fao.org/aos/agrovoc/c_8354	wells	entities	
ENVO:00000027	spring	http://aims.fao.org/aos/agrovoc/c_7336	spring	time	
ENVO:00000031	wadi	http://aims.fao.org/aos/agrovoc/c_24124	wadi	features	,resources	
ENVO:00000032	bay	http://aims.fao.org/aos/agrovoc/c_779	Bahia	entities	
ENVO:00000033	pond	http://aims.fao.org/aos/agrovoc/c_6105	ponds	features	,resources	
ENVO:00000034	rapids	http://aims.fao.org/aos/agrovoc/c_16402	cataract	phenomena	
ENVO:00000035	marsh	http://aims.fao.org/aos/agrovoc/c_4631	marshes	features	
ENVO:00000036	irrigation canal	http://aims.fao.org/aos/agrovoc/c_25340	irrigation canals	entities	
ENVO:00000038	lagoon	http://aims.fao.org/aos/agrovoc/c_4158	lagoons	features	
ENVO:00000039	fjord	http://aims.fao.org/aos/agrovoc/c_16182	fiords	features	
ENVO:00000040	waterfall	http://aims.fao.org/aos/agrovoc/c_8330	waterfalls	features	,resources	
ENVO:00000042	drainage canal	http://aims.fao.org/aos/agrovoc/c_25339	drainage canals	entities	
ENVO:00000043	wetland	http://aims.fao.org/aos/agrovoc/c_28152	slash	substances	
ENVO:00000044	peatland	http://aims.fao.org/aos/agrovoc/c_13929	peatlands	resources	
ENVO:00000045	estuary	http://aims.fao.org/aos/agrovoc/c_2673	estuaries	features	
ENVO:00000046	hedge	http://aims.fao.org/aos/agrovoc/c_3529	hedges	entities	
ENVO:00000047	canopy	http://aims.fao.org/aos/agrovoc/c_1262	canopy	features	
ENVO:00000048	navigation canal	http://aims.fao.org/aos/agrovoc/c_1237	navigable canals	entities	
ENVO:00000054	saline marsh	http://aims.fao.org/aos/agrovoc/c_14061	salting	activities	,technology	
ENVO:00000056	fishpond	http://aims.fao.org/aos/agrovoc/c_2929	fish ponds	features	,resources	
ENVO:00000057	mangrove swamp	http://aims.fao.org/aos/agrovoc/c_4577	mangrove swamps	features	
ENVO:00000063	water body	http://aims.fao.org/aos/agrovoc/c_4768	body water	entities	
ENVO:00000064	road	http://aims.fao.org/aos/agrovoc/c_6621	roads	entities	
ENVO:00000065	railway	http://aims.fao.org/aos/agrovoc/c_34088	railways	entities	
ENVO:00000067	cave	http://aims.fao.org/aos/agrovoc/c_1397	caves	features	
ENVO:00000073	building	http://aims.fao.org/aos/agrovoc/c_1142	buildings	entities	
ENVO:00000074	dam	http://aims.fao.org/aos/agrovoc/c_2121	dams	entities	
ENVO:00000076	mine	http://aims.fao.org/aos/agrovoc/c_49983	mining	activities	,systems	
ENVO:00000077	agricultural feature	http://aims.fao.org/aos/agrovoc/c_2808	farmland	resources	
ENVO:00000078	farm	http://aims.fao.org/aos/agrovoc/c_2804	farm structure	entities	
ENVO:00000080	mountain range	http://aims.fao.org/aos/agrovoc/c_330997	mountain ranges	features	
ENVO:00000083	hill	http://aims.fao.org/aos/agrovoc/c_3614	highlands	features	
ENVO:00000086	plain	http://aims.fao.org/aos/agrovoc/c_3366	grasslands	features	
ENVO:00000090	coastal plain	http://aims.fao.org/aos/agrovoc/c_1698	coastal plains	features	
ENVO:00000091	beach	http://aims.fao.org/aos/agrovoc/c_850	beaches	features	
ENVO:00000097	desert	http://aims.fao.org/aos/agrovoc/c_2205	deserts	location	
ENVO:00000098	island	http://aims.fao.org/aos/agrovoc/c_3962	islands	features	
ENVO:00000100	valley	http://aims.fao.org/aos/agrovoc/c_8149	valleys	features	
ENVO:00000101	delta	http://aims.fao.org/aos/agrovoc/c_2170	deltas	features	
ENVO:00000104	undersea feature	http://aims.fao.org/aos/agrovoc/c_32599	spurs	entities	
ENVO:00000106	grassland	http://aims.fao.org/aos/agrovoc/c_10447	down	entities	
ENVO:00000108	meadow	http://aims.fao.org/aos/agrovoc/c_12447	meadows	features	
ENVO:00000109	woodland	http://aims.fao.org/aos/agrovoc/c_28143	scrub	features	
ENVO:00000109	woodland	http://aims.fao.org/aos/agrovoc/c_34911	stand structure	properties	
ENVO:00000111	forest	http://aims.fao.org/aos/agrovoc/c_10984	forestation	activities	
ENVO:00000111	forest	http://aims.fao.org/aos/agrovoc/c_3054	foresters	groups	
ENVO:00000111	forest	http://aims.fao.org/aos/agrovoc/c_3062	forests	features	
ENVO:00000112	tundra	http://aims.fao.org/aos/agrovoc/c_8004	tundra	features	
ENVO:00000114	agricultural field	http://aims.fao.org/aos/agrovoc/c_2808	farmland	resources	
ENVO:00000115	orchard	http://aims.fao.org/aos/agrovoc/c_2808	farmland	resources	
ENVO:00000116	vineyard	http://aims.fao.org/aos/agrovoc/c_15203	vineyards	resources	
ENVO:00000117	plantation	http://aims.fao.org/aos/agrovoc/c_2808	farmland	resources	
ENVO:00000119	planted forest	http://aims.fao.org/aos/agrovoc/c_3048	forest plantations	systems	
ENVO:00000122	track	http://aims.fao.org/aos/agrovoc/c_7845	tracks	systems	
ENVO:00000130	reef	http://aims.fao.org/aos/agrovoc/c_92343	reefs	features	
ENVO:00000131	glacial feature	http://aims.fao.org/aos/agrovoc/c_3782	ice	substances	
ENVO:00000136	demilitiarized zone	http://aims.fao.org/aos/agrovoc/c_15686	boundaries	entities	
ENVO:00000139	irrigation ditch	http://aims.fao.org/aos/agrovoc/c_25332	irrigation systems	systems	
ENVO:00000141	bank	http://aims.fao.org/aos/agrovoc/c_812	banks	entities	
ENVO:00000141	bank	http://aims.fao.org/aos/agrovoc/c_9077	banking	activities	
ENVO:00000143	river bank	http://aims.fao.org/aos/agrovoc/c_25303	riverbanks	features	
ENVO:00000147	ocean current	http://aims.fao.org/aos/agrovoc/c_8316	water currents	phenomena	
ENVO:00000149	artificial reef	http://aims.fao.org/aos/agrovoc/c_25395	artificial reefs	entities	,features	
ENVO:00000150	coral reef	http://aims.fao.org/aos/agrovoc/c_1880	coral reefs	features	
ENVO:00000166	atoll	http://aims.fao.org/aos/agrovoc/c_695	atolls	features	
ENVO:00000170	dune	http://aims.fao.org/aos/agrovoc/c_2410	dunes	features	
ENVO:00000175	karst	http://aims.fao.org/aos/agrovoc/c_33509	karst	features	
ENVO:00000178	levee	http://aims.fao.org/aos/agrovoc/c_32438	embankments	entities	
ENVO:00000191	physiographic feature	http://aims.fao.org/aos/agrovoc/c_5834	physiographic features	features	
ENVO:00000222	oceanic island	http://aims.fao.org/aos/agrovoc/c_3261	Kiribati	entities	,location	
ENVO:00000223	continental shelf	http://aims.fao.org/aos/agrovoc/c_32413	continental shelves	features	
ENVO:00000231	moor	http://aims.fao.org/aos/agrovoc/c_4931	moors	systems	
ENVO:00000233	swamp	http://aims.fao.org/aos/agrovoc/c_7544	swamps	features	
ENVO:00000234	bayou	http://aims.fao.org/aos/agrovoc/c_779	Bahia	entities	
ENVO:00000247	volcano	http://aims.fao.org/aos/agrovoc/c_15240	volcanoes	features	
ENVO:00000255	flood plain	http://aims.fao.org/aos/agrovoc/c_2977	floodplains	features	
ENVO:00000260	prairie	http://aims.fao.org/aos/agrovoc/c_8182	veld	features	
ENVO:00000261	savanna	http://aims.fao.org/aos/agrovoc/c_6825	savannas	features	
ENVO:00000262	steppe	http://aims.fao.org/aos/agrovoc/c_5522	pampas	features	
ENVO:00000264	seamount	http://aims.fao.org/aos/agrovoc/c_12676	mountains	features	
ENVO:00000266	pasture	http://aims.fao.org/aos/agrovoc/c_2808	farmland	resources	
ENVO:00000267	submarine canyon	http://aims.fao.org/aos/agrovoc/c_3334	gorges	features	
ENVO:00000286	polder	http://aims.fao.org/aos/agrovoc/c_6472	reclaimed land	resources	
ENVO:00000292	watershed	http://aims.fao.org/aos/agrovoc/c_8334	watersheds	features	
ENVO:00000294	fish farm	http://aims.fao.org/aos/agrovoc/c_36678	fish farms	entities	
ENVO:00000295	fish hatchery	http://aims.fao.org/aos/agrovoc/c_36679	fish hatcheries	entities	
ENVO:00000296	rice field	http://aims.fao.org/aos/agrovoc/c_2808	farmland	resources	
ENVO:00000300	scrubland	http://aims.fao.org/aos/agrovoc/c_28143	scrub	features	
ENVO:00000301	chaparral	http://aims.fao.org/aos/agrovoc/c_28143	scrub	features	
ENVO:00000302	rift valley	http://aims.fao.org/aos/agrovoc/c_5ce9893a	rift valleys	features	
ENVO:00000303	sea coast	http://aims.fao.org/aos/agrovoc/c_9000021	Coastal area	location	
ENVO:00000309	depression	http://aims.fao.org/aos/agrovoc/c_331502	Pan	organisms	
ENVO:00000337	orange juice	http://aims.fao.org/aos/agrovoc/c_25492	orange juice	products	
ENVO:00000358	protected area	http://aims.fao.org/aos/agrovoc/c_37952	protected areas	location	
ENVO:00000362	marine park	http://aims.fao.org/aos/agrovoc/c_36402	marine parks	location	
ENVO:00000363	nature reserve	http://aims.fao.org/aos/agrovoc/c_16141	nature reserves	location	
ENVO:00000367	national park	http://aims.fao.org/aos/agrovoc/c_5079	national parks	location	
ENVO:00000377	artificial lake	http://aims.fao.org/aos/agrovoc/c_8961	artificial lakes	entities	
ENVO:00000390	mountain spur	http://aims.fao.org/aos/agrovoc/c_32599	spurs	entities	
ENVO:00000393	sound	http://aims.fao.org/aos/agrovoc/c_7251	sound	subjects	
ENVO:00000398	volcanic cone	http://aims.fao.org/aos/agrovoc/c_15957	cones	entities	
ENVO:00000419	stack	http://aims.fao.org/aos/agrovoc/c_28155	stacking	activities	
ENVO:00000428	biome	http://aims.fao.org/aos/agrovoc/c_2482	ecosystems	systems	
ENVO:00000463	harbor	http://aims.fao.org/aos/agrovoc/c_3492	harbours	entities	
ENVO:00000474	cut	http://aims.fao.org/aos/agrovoc/c_2046	cutting	activities	
ENVO:00000479	mouth	http://aims.fao.org/aos/agrovoc/c_4960	mouth	entities	
ENVO:00000499	trough	http://aims.fao.org/aos/agrovoc/c_7982	troughs	objects	
ENVO:00000508	terrace	http://aims.fao.org/aos/agrovoc/c_28166	terraces	features	
ENVO:00000520	landslide	http://aims.fao.org/aos/agrovoc/c_4187	landslides	phenomena	
ENVO:00000533	landfill	http://aims.fao.org/aos/agrovoc/c_35171	landfills	site	
ENVO:00000535	weir	http://aims.fao.org/aos/agrovoc/c_8352	weirs	entities	
ENVO:00000856	city	http://aims.fao.org/aos/agrovoc/c_7823	towns	location	
ENVO:00000856	city	http://aims.fao.org/aos/agrovoc/c_8085	urban areas	location	
ENVO:00001995	rock	http://aims.fao.org/aos/agrovoc/c_6628	rock	substances	
ENVO:00001998	soil	http://aims.fao.org/aos/agrovoc/c_7156	soil	features	
ENVO:00001998	soil	http://aims.fao.org/aos/agrovoc/c_7196	soil structure	properties	
ENVO:00002001	waste water	http://aims.fao.org/aos/agrovoc/c_8308	wastewater	substances	
ENVO:00002002	food product	http://aims.fao.org/aos/agrovoc/c_3025	food production	activities	
ENVO:00002003	feces	http://aims.fao.org/aos/agrovoc/c_2772	faeces	substances	
ENVO:00002005	air	http://aims.fao.org/aos/agrovoc/c_224	air	state	
ENVO:00002006	water	http://aims.fao.org/aos/agrovoc/c_8309	water	substances	
ENVO:00002007	sediment	http://aims.fao.org/aos/agrovoc/c_25341	sediment	substances	
ENVO:00002008	dust	http://aims.fao.org/aos/agrovoc/c_24127	dust	substances	
ENVO:00002010	saline water	http://aims.fao.org/aos/agrovoc/c_16376	saline water	substances	
ENVO:00002011	fresh water	http://aims.fao.org/aos/agrovoc/c_3102	freshwater	substances	
ENVO:00002018	sewage	http://aims.fao.org/aos/agrovoc/c_7007	sewage	substances	
ENVO:00002019	brackish water	http://aims.fao.org/aos/agrovoc/c_1049	brackish water	substances	
ENVO:00002033	carcass	http://aims.fao.org/aos/agrovoc/c_1310	carcasses	products	
ENVO:00002040	wood	http://aims.fao.org/aos/agrovoc/c_8421	wood	products	,substances	
ENVO:00002041	ground water	http://aims.fao.org/aos/agrovoc/c_3391	groundwater	substances	
ENVO:00002042	surface water	http://aims.fao.org/aos/agrovoc/c_25317	surface water	features	,resources	
ENVO:00002046	activated sludge	http://aims.fao.org/aos/agrovoc/c_8611	activated sludge	substances	
ENVO:00002047	urine	http://aims.fao.org/aos/agrovoc/c_8103	urine	entities	,substances	
ENVO:00002053	limestone	http://aims.fao.org/aos/agrovoc/c_4342	limestone	substances	
ENVO:00002061	oil spill	http://aims.fao.org/aos/agrovoc/c_5332	oil spills	phenomena	
ENVO:00002123	bioreactor	http://aims.fao.org/aos/agrovoc/c_27469	bioreactors	objects	
ENVO:00002141	leachate	http://aims.fao.org/aos/agrovoc/c_35164	leachates	state	
ENVO:00002149	sea water	http://aims.fao.org/aos/agrovoc/c_6903	sea water	substances	
ENVO:00002150	coastal sea water	http://aims.fao.org/aos/agrovoc/c_25205	Coastal waters	features	
ENVO:00002164	fossil	http://aims.fao.org/aos/agrovoc/c_10989	fossils	entities	
ENVO:00002166	sausage	http://aims.fao.org/aos/agrovoc/c_6824	sausages	products	
ENVO:00002170	compost	http://aims.fao.org/aos/agrovoc/c_15956	composting	activities	
ENVO:00002170	compost	http://aims.fao.org/aos/agrovoc/c_1795	composts	resources	
ENVO:00002173	hospital	http://aims.fao.org/aos/agrovoc/c_24183	hospitals	site	
ENVO:00002190	yogurt	http://aims.fao.org/aos/agrovoc/c_15463	yoghurt	products	
ENVO:00002191	animal litter	http://aims.fao.org/aos/agrovoc/c_434	litter for animals	substances	
ENVO:00002192	poultry litter	http://aims.fao.org/aos/agrovoc/c_434	litter for animals	substances	
ENVO:00002221	shop	http://aims.fao.org/aos/agrovoc/c_7044	shops	entities	
ENVO:00002229	arenosol	http://aims.fao.org/aos/agrovoc/c_601	arenosols	entities	
ENVO:00002229	arenosol	http://aims.fao.org/aos/agrovoc/c_6781	sandy soils	entities	
ENVO:00002232	andosol	http://aims.fao.org/aos/agrovoc/c_404	andosols	entities	
ENVO:00002234	acrisol	http://aims.fao.org/aos/agrovoc/c_101	acrisols	entities	
ENVO:00002235	cambisol	http://aims.fao.org/aos/agrovoc/c_1224	cambisols	entities	
ENVO:00002237	chernozem	http://aims.fao.org/aos/agrovoc/c_1533	chernozems	entities	
ENVO:00002240	kastanozem	http://aims.fao.org/aos/agrovoc/c_4079	kastanozems	entities	
ENVO:00002241	leptosol	http://aims.fao.org/aos/agrovoc/c_7425	stony soils	entities	
ENVO:00002243	histosol	http://aims.fao.org/aos/agrovoc/c_3636	histosols	entities	
ENVO:00002244	gleysol	http://aims.fao.org/aos/agrovoc/c_3276	gleysols	entities	
ENVO:00002246	ferralsol	http://aims.fao.org/aos/agrovoc/c_2858	ferralsols	entities	
ENVO:00002247	nitisol	http://aims.fao.org/aos/agrovoc/c_5185	nitosols	entities	
ENVO:00002248	luvisol	http://aims.fao.org/aos/agrovoc/c_4470	luvisols	entities	
ENVO:00002249	phaeozem	http://aims.fao.org/aos/agrovoc/c_5755	phaeozems	entities	
ENVO:00002251	planosol	http://aims.fao.org/aos/agrovoc/c_5953	planosols	entities	
ENVO:00002252	solonchak	http://aims.fao.org/aos/agrovoc/c_7231	solonchaks	entities	
ENVO:00002254	vertisol	http://aims.fao.org/aos/agrovoc/c_8199	vertisols	entities	
ENVO:00002255	solonetz	http://aims.fao.org/aos/agrovoc/c_7232	solonetz	entities	
ENVO:00002256	regosol	http://aims.fao.org/aos/agrovoc/c_6492	regosols	entities	
ENVO:00002257	podzol	http://aims.fao.org/aos/agrovoc/c_6044	podzols	entities	
ENVO:00002259	agricultural soil	http://aims.fao.org/aos/agrovoc/c_33934	agricultural soils	entities	
ENVO:00002260	dune soil	http://aims.fao.org/aos/agrovoc/c_2409	dune soils	entities	
ENVO:00002261	forest soil	http://aims.fao.org/aos/agrovoc/c_3051	forest soils	entities	
ENVO:00002262	clay soil	http://aims.fao.org/aos/agrovoc/c_1659	clay soils	entities	
ENVO:00002267	industrial waste material	http://aims.fao.org/aos/agrovoc/c_11763	industrial wastes	substances	
ENVO:00002273	fluvisol	http://aims.fao.org/aos/agrovoc/c_3000	fluvisols	entities	
ENVO:00002869	hay	http://aims.fao.org/aos/agrovoc/c_3508	hay	products	
ENVO:00002871	alluvial soil	http://aims.fao.org/aos/agrovoc/c_296	alluvial soils	entities	
ENVO:00002872	bagasse	http://aims.fao.org/aos/agrovoc/c_776	bagasse	products	
ENVO:00002873	organic waste material	http://aims.fao.org/aos/agrovoc/c_35237	organic wastes	substances	
ENVO:00002982	clay	http://aims.fao.org/aos/agrovoc/c_15619	clay	substances	
ENVO:00002984	petroleum	http://aims.fao.org/aos/agrovoc/c_5747	petroleum	resources	
ENVO:00002985	oil	http://aims.fao.org/aos/agrovoc/c_5334	oils	substances	
ENVO:00003030	silage	http://aims.fao.org/aos/agrovoc/c_7060	silage	products	
ENVO:00003037	wort	http://aims.fao.org/aos/agrovoc/c_15618	wort	state	
ENVO:00003040	animal house	http://aims.fao.org/aos/agrovoc/c_432	animal housing	entities	
ENVO:00003041	cow shed	http://aims.fao.org/aos/agrovoc/c_1392	cattle sheds	entities	
ENVO:00003042	piggery	http://aims.fao.org/aos/agrovoc/c_5871	piggeries	entities	
ENVO:00003044	brine	http://aims.fao.org/aos/agrovoc/c_1091	brines	substances	
ENVO:00003044	brine	http://aims.fao.org/aos/agrovoc/c_1092	brining	activities	,technology	
ENVO:00003047	butter	http://aims.fao.org/aos/agrovoc/c_1162	butter	products	,substances	
ENVO:00003050	cane sugar	http://aims.fao.org/aos/agrovoc/c_16477	cane sugar	products	
ENVO:00003062	pork	http://aims.fao.org/aos/agrovoc/c_6120	pork	products	
ENVO:00003063	cured meat	http://aims.fao.org/aos/agrovoc/c_2038	cured meat	products	
ENVO:00003064	drinking water	http://aims.fao.org/aos/agrovoc/c_10463	drinking water	substances	
ENVO:00003065	distilled water	http://aims.fao.org/aos/agrovoc/c_36640	distilled water	substances	
ENVO:00003067	beef	http://aims.fao.org/aos/agrovoc/c_861	beef	products	
ENVO:00003072	ice cream	http://aims.fao.org/aos/agrovoc/c_3784	icecream	products	
ENVO:00003074	manufactured product	http://aims.fao.org/aos/agrovoc/c_15742	processed products	products	
ENVO:00003076	glue	http://aims.fao.org/aos/agrovoc/c_128	adhesives	substances	
ENVO:00003076	glue	http://aims.fao.org/aos/agrovoc/c_32027	mucilages	substances	
ENVO:00003779	tempeh	http://aims.fao.org/aos/agrovoc/c_15569	tempeh	products	
ENVO:00003861	industrial building	http://aims.fao.org/aos/agrovoc/c_28641	building industry	systems	
ENVO:00003861	industrial building	http://aims.fao.org/aos/agrovoc/c_49912	industrial buildings	entities	
ENVO:00003862	dairy	http://aims.fao.org/aos/agrovoc/c_10274	dairying	systems	
ENVO:00003862	dairy	http://aims.fao.org/aos/agrovoc/c_34761	dairies	entities	
ENVO:00003869	straw	http://aims.fao.org/aos/agrovoc/c_7441	straw	substances	
ENVO:00003870	rice straw	http://aims.fao.org/aos/agrovoc/c_16032	rice straw	substances	
ENVO:00003876	flour	http://aims.fao.org/aos/agrovoc/c_2988	flours	products	
ENVO:00003879	apple juice	http://aims.fao.org/aos/agrovoc/c_8893	apple juice	products	
ENVO:00003881	bacon	http://aims.fao.org/aos/agrovoc/c_764	bacon	products	
ENVO:00003884	farmyard manure	http://aims.fao.org/aos/agrovoc/c_2810	farmyard manure	substances	
ENVO:00003885	brewery	http://aims.fao.org/aos/agrovoc/c_17255	breweries	entities	
ENVO:00003889	buttermilk	http://aims.fao.org/aos/agrovoc/c_9513	buttermilk	products	
ENVO:00003898	miso	http://aims.fao.org/aos/agrovoc/c_15552	miso	products	
ENVO:00003905	vinegar	http://aims.fao.org/aos/agrovoc/c_8253	vinegar	substances	
ENVO:00003907	nonfat dry milk	http://aims.fao.org/aos/agrovoc/c_16486	dried skim milk	products	
ENVO:00003914	chalk soil	http://aims.fao.org/aos/agrovoc/c_1493	chalk soils	entities	
ENVO:00003963	warehouse	http://aims.fao.org/aos/agrovoc/c_7434	storehouses	entities	
ENVO:00003970	sugar	http://aims.fao.org/aos/agrovoc/c_7498	sugar	products	
ENVO:00003973	kefir	http://aims.fao.org/aos/agrovoc/c_23849	kefir	products	
ENVO:00003975	vegetable oil	http://aims.fao.org/aos/agrovoc/c_8170	plant oils	products	,substances	
ENVO:00003976	linseed oil	http://aims.fao.org/aos/agrovoc/c_4353	linseed oil	products	,substances	
ENVO:00003977	maize flour	http://aims.fao.org/aos/agrovoc/c_7152	soft maize	products	
ENVO:00003979	sour milk	http://aims.fao.org/aos/agrovoc/c_2023	cultured milk	products	
ENVO:00004638	sawmill	http://aims.fao.org/aos/agrovoc/c_37154	sawmilling	activities	
ENVO:00004638	sawmill	http://aims.fao.org/aos/agrovoc/c_6830	sawmills	entities	
ENVO:00005738	foam	http://aims.fao.org/aos/agrovoc/c_24841	foaming	activities	
ENVO:00005738	foam	http://aims.fao.org/aos/agrovoc/c_28470	foams	state	
ENVO:00005742	arable soil	http://aims.fao.org/aos/agrovoc/c_568	arable soils	entities	
ENVO:00005743	roadside soil	http://aims.fao.org/aos/agrovoc/c_6622	roadside soil	entities	
ENVO:00005750	grassland soil	http://aims.fao.org/aos/agrovoc/c_3365	grassland soils	entities	
ENVO:00005754	fertilized soil	http://aims.fao.org/aos/agrovoc/c_7170	soil fertility	properties	
ENVO:00005761	meadow soil	http://aims.fao.org/aos/agrovoc/c_16569	meadow soils	entities	
ENVO:00005772	orchard soil	http://aims.fao.org/aos/agrovoc/c_5378	orchard soils	entities	
ENVO:00005774	peat soil	http://aims.fao.org/aos/agrovoc/c_5647	peat	resources	
ENVO:00005778	tropical soil	http://aims.fao.org/aos/agrovoc/c_7978	tropical soils	entities	
ENVO:00005780	greenhouse soil	http://aims.fao.org/aos/agrovoc/c_3378	greenhouse soils	entities	
ENVO:00005785	volcanic soil	http://aims.fao.org/aos/agrovoc/c_8287	volcanic soils	entities	
ENVO:00005786	upland soil	http://aims.fao.org/aos/agrovoc/c_8077	upland soils	entities	
ENVO:00005801	rhizosphere	http://aims.fao.org/aos/agrovoc/c_6569	rhizosphere	features	
ENVO:00005803	animal habitation	http://aims.fao.org/aos/agrovoc/c_5140	nesting	phenomena	
ENVO:00005805	nest of bird	http://aims.fao.org/aos/agrovoc/c_32760	nest boxes	entities	
ENVO:00010505	aerosol	http://aims.fao.org/aos/agrovoc/c_158	aerosols	state	
ENVO:00010506	emulsion	http://aims.fao.org/aos/agrovoc/c_10593	emulsions	state	
ENVO:00010623	dolomite	http://aims.fao.org/aos/agrovoc/c_29215	dolomite	substances	
ENVO:00010624	botanical garden	http://aims.fao.org/aos/agrovoc/c_1020	botanical gardens	groups	
ENVO:00010625	zoological garden	http://aims.fao.org/aos/agrovoc/c_8531	zoos	groups	
ENVO:00012408	aquifer	http://aims.fao.org/aos/agrovoc/c_25560	aquifers	resources	
ENVO:0010005	fermented beverage	http://aims.fao.org/aos/agrovoc/c_248	alcoholic beverages	products	
ENVO:0010040	Limburger	http://aims.fao.org/aos/agrovoc/c_5142	Netherlands	entities	
ENVO:0010045	condiment	http://aims.fao.org/aos/agrovoc/c_1805	condiments	substances	
ENVO:0010060	potato product	http://aims.fao.org/aos/agrovoc/c_16500	potato products	products	
ENVO:0010067	watermelon	http://aims.fao.org/aos/agrovoc/c_15277	watermelons	products	
ENVO:0010090	honey product	http://aims.fao.org/aos/agrovoc/c_3653	honey production	activities	
ENVO:0010095	bread	http://aims.fao.org/aos/agrovoc/c_1071	bread	products	
ENVO:0010121	pulse	http://aims.fao.org/aos/agrovoc/c_3351	grain legumes	products	
ENVO:0010122	wheat flour	http://aims.fao.org/aos/agrovoc/c_25511	wheat flour	products	
ENVO:0010123	pasta	http://aims.fao.org/aos/agrovoc/c_5621	pasta	products	
ENVO:0010126	candy	http://aims.fao.org/aos/agrovoc/c_1249	candying	activities	
ENVO:0010128	cream	http://aims.fao.org/aos/agrovoc/c_1951	cream	products	
ENVO:0010129	milk	http://aims.fao.org/aos/agrovoc/c_4826	milk	entities	,products	
ENVO:0010137	smoked meat	http://aims.fao.org/aos/agrovoc/c_7116	smoked meat	products	
ENVO:0010139	jam	http://aims.fao.org/aos/agrovoc/c_4037	jams	products	
ENVO:0010142	mustard	http://aims.fao.org/aos/agrovoc/c_25488	mustard	substances	
ENVO:0010147	mayonnaise	http://aims.fao.org/aos/agrovoc/c_12442	mayonnaise	substances	
ENVO:0010148	soy sauce	http://aims.fao.org/aos/agrovoc/c_24246	soy sauce	products	,substances	
ENVO:0010157	coffee	http://aims.fao.org/aos/agrovoc/c_1731	coffee	products	
ENVO:0010158	tea	http://aims.fao.org/aos/agrovoc/c_7634	tea	products	
ENVO:0010160	mate	http://aims.fao.org/aos/agrovoc/c_4647	mate	products	
ENVO:01000000	humus	http://aims.fao.org/aos/agrovoc/c_3693	humus	substances	
ENVO:01000001	mud	http://aims.fao.org/aos/agrovoc/c_4973	mud	substances	
ENVO:01000012	milk product	http://aims.fao.org/aos/agrovoc/c_4829	milk production	activities	
ENVO:01000012	milk product	http://aims.fao.org/aos/agrovoc/c_4830	milk products	products	
ENVO:01000014	wine	http://aims.fao.org/aos/agrovoc/c_8406	wines	products	
ENVO:01000015	beer	http://aims.fao.org/aos/agrovoc/c_864	beers	products	
ENVO:01000016	silt	http://aims.fao.org/aos/agrovoc/c_331558	silt	substances	
ENVO:01000017	sand	http://aims.fao.org/aos/agrovoc/c_6779	sand	substances	
ENVO:01000018	gravel	http://aims.fao.org/aos/agrovoc/c_24850	gravel	substances	
ENVO:01000057	marine algal bloom	http://aims.fao.org/aos/agrovoc/c_32531	red tide	phenomena	
ENVO:01000155	organic material	http://aims.fao.org/aos/agrovoc/c_926	biomass	substances	
ENVO:01000164	root nodule	http://aims.fao.org/aos/agrovoc/c_27601	root nodules	entities	
ENVO:01000164	root nodule	http://aims.fao.org/aos/agrovoc/c_6643	root nodulation	phenomena	
ENVO:01000203	environmental condition	http://aims.fao.org/aos/agrovoc/c_2594	environmental factors	factors	
ENVO:01000204	tropical	http://aims.fao.org/aos/agrovoc/c_7979	tropical zones	location	
ENVO:01000205	subtropical	http://aims.fao.org/aos/agrovoc/c_14658	subtropical zones	location	
ENVO:01000206	temperate	http://aims.fao.org/aos/agrovoc/c_28588	tempering	activities	
ENVO:01000207	mediterranean	http://aims.fao.org/aos/agrovoc/c_4698	Mediterranean region	location	
ENVO:01000236	basalt	http://aims.fao.org/aos/agrovoc/c_32387	basalt	substances	
ENVO:01000238	polar	http://aims.fao.org/aos/agrovoc/c_13483	polarization	properties	
ENVO:01000238	polar	http://aims.fao.org/aos/agrovoc/c_6057	Polar regions	location	
ENVO:01000238	polar	http://aims.fao.org/aos/agrovoc/c_6058	polarity	properties	
ENVO:01000250	subpolar coniferous forest biome	http://aims.fao.org/aos/agrovoc/c_1014	Boreal forests	features	
ENVO:01000251	subpolar	http://aims.fao.org/aos/agrovoc/c_1745	cold zones	location	
ENVO:01000254	environmental system	http://aims.fao.org/aos/agrovoc/c_2593	environment	entities	
ENVO:01000266	water vapour	http://aims.fao.org/aos/agrovoc/c_25424	water vapour	state	
ENVO:01000267	atmosphere	http://aims.fao.org/aos/agrovoc/c_8994	atmosphere	entities	
ENVO:01000277	water ice	http://aims.fao.org/aos/agrovoc/c_3782	ice	substances	
ENVO:01000311	cultivated environment	http://aims.fao.org/aos/agrovoc/c_202	agricultural structure	entities	
ENVO:01000311	cultivated environment	http://aims.fao.org/aos/agrovoc/c_2808	farmland	resources	
ENVO:01000317	aquatic environment	http://aims.fao.org/aos/agrovoc/c_554	aquatic environment	entities	
ENVO:01000320	marine environment	http://aims.fao.org/aos/agrovoc/c_4610	marine environment	entities	
ENVO:01000322	brackish water environment	http://aims.fao.org/aos/agrovoc/c_1050	brackishwater environment	entities	
ENVO:01000331	cypress swamp	http://aims.fao.org/aos/agrovoc/c_37150	Taxodium distichum	organisms	
ENVO:01000333	hillside	http://aims.fao.org/aos/agrovoc/c_7109	sloping land	features	
ENVO:01000335	understory	http://aims.fao.org/aos/agrovoc/c_24414	undergrowth	features	
ENVO:01000356	granite	http://aims.fao.org/aos/agrovoc/c_32468	granite	substances	
ENVO:01000371	agricultural waste material	http://aims.fao.org/aos/agrovoc/c_8683	agricultural wastes	substances	
ENVO:01000372	household waste material	http://aims.fao.org/aos/agrovoc/c_35240	household wastes	substances	
ENVO:01000378	arid subtropical	http://aims.fao.org/aos/agrovoc/c_14191	semiarid climate	phenomena	
ENVO:01000378	arid subtropical	http://aims.fao.org/aos/agrovoc/c_611	arid climate	phenomena	
ENVO:01000387	tropical deciduous broadleaf forest	http://aims.fao.org/aos/agrovoc/c_35654	rain forests	features	
ENVO:01000388	tropical semi-deciduous broadleaf forest	http://aims.fao.org/aos/agrovoc/c_35654	rain forests	features	
ENVO:01000391	tropical semi-evergreen moist broadleaf forest	http://aims.fao.org/aos/agrovoc/c_35654	rain forests	features	
ENVO:01000404	plastic	http://aims.fao.org/aos/agrovoc/c_28498	plasticity	properties	
ENVO:01000404	plastic	http://aims.fao.org/aos/agrovoc/c_5998	plastics	substances	
ENVO:01000406	snow	http://aims.fao.org/aos/agrovoc/c_7124	snow	factors	
ENVO:01000417	house	http://aims.fao.org/aos/agrovoc/c_11629	houses	entities	
ENVO:01000417	house	http://aims.fao.org/aos/agrovoc/c_3678	housing	entities	
ENVO:01000419	domestic garden	http://aims.fao.org/aos/agrovoc/c_2357	domestic gardens	location	
ENVO:01000431	mixed forest	http://aims.fao.org/aos/agrovoc/c_4874	mixed forests	features	
ENVO:01000433	needleleaf forest	http://aims.fao.org/aos/agrovoc/c_1813	coniferous forests	features	
ENVO:01000458	concrete	http://aims.fao.org/aos/agrovoc/c_1804	concrete	substances	
ENVO:01000460	asphalt	http://aims.fao.org/aos/agrovoc/c_26761	bitumen	substances	
ENVO:01000468	fence	http://aims.fao.org/aos/agrovoc/c_2853	fencing	entities	
ENVO:01000471	ceiling	http://aims.fao.org/aos/agrovoc/c_50120	ceilings	entities	
ENVO:01000472	building roof	http://aims.fao.org/aos/agrovoc/c_6639	roofs	entities	
ENVO:01000473	thatch	http://aims.fao.org/aos/agrovoc/c_7704	thatch	substances	
ENVO:01000475	brick	http://aims.fao.org/aos/agrovoc/c_1089	bricks	substances	
ENVO:01000476	plaster	http://aims.fao.org/aos/agrovoc/c_28382	rendering	activities	
ENVO:01000480	glass	http://aims.fao.org/aos/agrovoc/c_3272	glass	substances	
ENVO:01000498	pole	http://aims.fao.org/aos/agrovoc/c_6061	poles	products	,substances	
ENVO:01000527	flush toilet fixture	http://aims.fao.org/aos/agrovoc/c_37405	pots	objects	
ENVO:01000527	flush toilet fixture	http://aims.fao.org/aos/agrovoc/c_6143	potting	activities	
ENVO:01000527	flush toilet fixture	http://aims.fao.org/aos/agrovoc/c_987	bogs	features	
ENVO:01000534	pour-flush toilet fixture	http://aims.fao.org/aos/agrovoc/c_37405	pots	objects	
ENVO:01000534	pour-flush toilet fixture	http://aims.fao.org/aos/agrovoc/c_6143	potting	activities	
ENVO:01000534	pour-flush toilet fixture	http://aims.fao.org/aos/agrovoc/c_987	bogs	features	
ENVO:01000535	pour-flush pit latrine	http://aims.fao.org/aos/agrovoc/c_987	bogs	features	
ENVO:01000536	factory	http://aims.fao.org/aos/agrovoc/c_25201	factories	entities	
ENVO:01000538	stratosphere	http://aims.fao.org/aos/agrovoc/c_35033	stratosphere	entities	
ENVO:01000540	troposphere	http://aims.fao.org/aos/agrovoc/c_35034	troposphere	entities	
ENVO:01000542	ozone layer	http://aims.fao.org/aos/agrovoc/c_35252	ozone layer	entities	
ENVO:01000547	glaze ice layer	http://aims.fao.org/aos/agrovoc/c_3273	glazing	subjects	
ENVO:01000551	paraffin	http://aims.fao.org/aos/agrovoc/c_5557	paraffin	substances	
ENVO:01000552	natural gas	http://aims.fao.org/aos/agrovoc/c_5087	natural gas	resources	
ENVO:01000556	biogas	http://aims.fao.org/aos/agrovoc/c_9262	biogas	phenomena	,resources	
ENVO:01000560	charcoal	http://aims.fao.org/aos/agrovoc/c_1503	charcoal	products	,substances	
ENVO:01000575	wax	http://aims.fao.org/aos/agrovoc/c_25203	waxing	activities	
ENVO:01000575	wax	http://aims.fao.org/aos/agrovoc/c_8336	waxes	substances	
ENVO:01000576	apiary	http://aims.fao.org/aos/agrovoc/c_8872	apiaries	site	
ENVO:01000577	radio device	http://aims.fao.org/aos/agrovoc/c_6424	radio	technology	
ENVO:01000583	refrigerator	http://aims.fao.org/aos/agrovoc/c_28326	refrigerants	substances	
ENVO:01000583	refrigerator	http://aims.fao.org/aos/agrovoc/c_36496	refrigerators	objects	
ENVO:01000583	refrigerator	http://aims.fao.org/aos/agrovoc/c_6485	refrigeration	activities	
ENVO:01000600	rainwater	http://aims.fao.org/aos/agrovoc/c_25202	rainwater	substances	
ENVO:01000602	truck	http://aims.fao.org/aos/agrovoc/c_7984	trucks	objects	
ENVO:01000604	vehicle	http://aims.fao.org/aos/agrovoc/c_8180	vehicles	objects	
ENVO:01000606	cart	http://aims.fao.org/aos/agrovoc/c_1345	carts	objects	
ENVO:01000608	boat	http://aims.fao.org/aos/agrovoc/c_330920	boats	objects	
ENVO:01000610	motor	http://aims.fao.org/aos/agrovoc/c_2571	engineering	subjects	
ENVO:01000610	motor	http://aims.fao.org/aos/agrovoc/c_2573	engineers	groups	
ENVO:01000610	motor	http://aims.fao.org/aos/agrovoc/c_4685	mechanization	technology	
ENVO:01000610	motor	http://aims.fao.org/aos/agrovoc/c_4954	engines	objects	
ENVO:01000612	taxicab	http://aims.fao.org/aos/agrovoc/c_7627	taxis	phenomena	
ENVO:01000614	bicycle	http://aims.fao.org/aos/agrovoc/c_2056	cycling	phenomena	
ENVO:01000615	motorcycle	http://aims.fao.org/aos/agrovoc/c_2056	cycling	phenomena	
ENVO:01000623	boiling	http://aims.fao.org/aos/agrovoc/c_988	boiling	methods	
ENVO:01000624	hydrological condensation process	http://aims.fao.org/aos/agrovoc/c_36228	condensation	phenomena	
ENVO:01000625	manufactured cage	http://aims.fao.org/aos/agrovoc/c_1184	cages	entities	
ENVO:01000627	feedlot	http://aims.fao.org/aos/agrovoc/c_2842	feedlots	activities	,methods	
ENVO:01000628	plant litter	http://aims.fao.org/aos/agrovoc/c_24064	plant litter	substances	
ENVO:01000629	climate change	http://aims.fao.org/aos/agrovoc/c_1666	climate change	phenomena	
ENVO:01000634	volcanic eruption	http://aims.fao.org/aos/agrovoc/c_92358	volcanic eruptions	phenomena	
ENVO:01000635	land	http://aims.fao.org/aos/agrovoc/c_4172	land	resources	
ENVO:01000637	outer space	http://aims.fao.org/aos/agrovoc/c_330769	space	measure	
ENVO:01000653	slum	http://aims.fao.org/aos/agrovoc/c_9001019	slums	location	
ENVO:01000661	tuff	http://aims.fao.org/aos/agrovoc/c_34356	tuff	substances	
ENVO:01000662	scoria	http://aims.fao.org/aos/agrovoc/c_15728	ashes	substances	
ENVO:01000663	pumice	http://aims.fao.org/aos/agrovoc/c_36851	pumice	substances	
ENVO:01000667	geological fracture	http://aims.fao.org/aos/agrovoc/c_3075	fractures	phenomena	
ENVO:01000677	earthquake	http://aims.fao.org/aos/agrovoc/c_2440	earthquakes	phenomena	
ENVO:01000682	glacial abrasion	http://aims.fao.org/aos/agrovoc/c_2273	digestive disorders	phenomena	
ENVO:01000687	coast	http://aims.fao.org/aos/agrovoc/c_1700	coasts	features	
ENVO:01000689	tsunami	http://aims.fao.org/aos/agrovoc/c_92355	tsunamis	phenomena	
ENVO:01000691	avalanche	http://aims.fao.org/aos/agrovoc/c_727	avalanches	phenomena	
ENVO:01000692	landslide process	http://aims.fao.org/aos/agrovoc/c_4187	landslides	phenomena	
ENVO:01000694	geological subsidence	http://aims.fao.org/aos/agrovoc/c_14650	subsidence	phenomena	
ENVO:01000703	hydrological precipitation process	http://aims.fao.org/aos/agrovoc/c_6161	precipitation	factors	
ENVO:01000705	soil degradation	http://aims.fao.org/aos/agrovoc/c_7168	soil degradation	phenomena	
ENVO:01000723	melting	http://aims.fao.org/aos/agrovoc/c_4731	melting	activities	
ENVO:01000733	stock	http://aims.fao.org/aos/agrovoc/c_28772	stocks	state	
ENVO:01000739	habitat	http://aims.fao.org/aos/agrovoc/c_3456	habitats	systems	
ENVO:01000753	air temperature	http://aims.fao.org/aos/agrovoc/c_230	air temperature	measure	,properties	
ENVO:01000756	vegetable	http://aims.fao.org/aos/agrovoc/c_8174	vegetables	products	
ENVO:01000756	vegetable	http://aims.fao.org/aos/agrovoc/c_8176	vegetation	features	
ENVO:01000757	fruit	http://aims.fao.org/aos/agrovoc/c_3119	fruit	entities	
ENVO:01000758	nut	http://aims.fao.org/aos/agrovoc/c_12873	nuts	products	
ENVO:01000759	legume	http://aims.fao.org/aos/agrovoc/c_4255	legumes	products	
ENVO:01000760	cloud	http://aims.fao.org/aos/agrovoc/c_1681	clouds	factors	
ENVO:01000763	rural settlement	http://aims.fao.org/aos/agrovoc/c_6706	rural settlement	phenomena	
ENVO:01000768	primary forest	http://aims.fao.org/aos/agrovoc/c_28112	primary forests	features	
ENVO:01000772	rural area	http://aims.fao.org/aos/agrovoc/c_6699	rural areas	location	
ENVO:01000773	village	http://aims.fao.org/aos/agrovoc/c_8252	villages	groups	
ENVO:01000779	public infrastructure	http://aims.fao.org/aos/agrovoc/c_26790	infrastructure	entities	
ENVO:01000780	public road	http://aims.fao.org/aos/agrovoc/c_25060	public roads	entities	
ENVO:02000001	textile	http://aims.fao.org/aos/agrovoc/c_7697	textiles	products	
ENVO:02000007	tissue culture	http://aims.fao.org/aos/agrovoc/c_7789	tissue culture	methods	
ENVO:02000008	cell culture	http://aims.fao.org/aos/agrovoc/c_7178	cell culture	methods	
ENVO:02000010	organ culture	http://aims.fao.org/aos/agrovoc/c_24574	organ culture	methods	
ENVO:02000011	buffalo milk	http://aims.fao.org/aos/agrovoc/c_16076	buffalo milk	entities	,products	
ENVO:02000012	camel milk	http://aims.fao.org/aos/agrovoc/c_16077	camel milk	entities	,products	
ENVO:02000020	blood	http://aims.fao.org/aos/agrovoc/c_959	blood	entities	
ENVO:02000021	amniotic fluid	http://aims.fao.org/aos/agrovoc/c_34211	amniotic fluid	entities	
ENVO:02000022	excreta	http://aims.fao.org/aos/agrovoc/c_2749	excreta	substances	
ENVO:02000023	bile	http://aims.fao.org/aos/agrovoc/c_902	bile	entities	
ENVO:02000025	sweat	http://aims.fao.org/aos/agrovoc/c_7548	sweat	entities	,substances	
ENVO:02000026	chyme	http://aims.fao.org/aos/agrovoc/c_9852	chyme	substances	
ENVO:02000027	blood plasma	http://aims.fao.org/aos/agrovoc/c_9320	blood plasma	entities	
ENVO:02000029	cerebrospinal fluid	http://aims.fao.org/aos/agrovoc/c_1475	cerebrospinal fluid	entities	
ENVO:02000030	chyle	http://aims.fao.org/aos/agrovoc/c_9851	chyle	entities	
ENVO:02000034	tears	http://aims.fao.org/aos/agrovoc/c_7641	tears	entities	
ENVO:02000036	saliva	http://aims.fao.org/aos/agrovoc/c_6752	saliva	entities	
ENVO:02000037	sebum	http://aims.fao.org/aos/agrovoc/c_6917	sebum	entities	
ENVO:02000039	synovial fluid	http://aims.fao.org/aos/agrovoc/c_7573	synovial fluid	entities	
ENVO:02000040	mucus	http://aims.fao.org/aos/agrovoc/c_4972	mucus	entities	
ENVO:02000041	lymph	http://aims.fao.org/aos/agrovoc/c_4481	lymph	entities	
ENVO:02000043	biological product	http://aims.fao.org/aos/agrovoc/c_36649	biological production	activities	
ENVO:02000047	animal feed	http://aims.fao.org/aos/agrovoc/c_429	animal feeding	activities	
ENVO:02000050	spinach	http://aims.fao.org/aos/agrovoc/c_14508	spinach	products	
ENVO:02000054	bone meal	http://aims.fao.org/aos/agrovoc/c_1000	bone meal	products	
ENVO:02000056	egg product	http://aims.fao.org/aos/agrovoc/c_2498	egg production	activities	
ENVO:02000056	egg product	http://aims.fao.org/aos/agrovoc/c_2499	egg products	products	
ENVO:02000060	apple cider	http://aims.fao.org/aos/agrovoc/c_1617	ciders	products	
ENVO:02000063	cake	http://aims.fao.org/aos/agrovoc/c_1186	cakes	products	
ENVO:02000063	cake	http://aims.fao.org/aos/agrovoc/c_28520	caking	phenomena	
ENVO:02000065	chocolate	http://aims.fao.org/aos/agrovoc/c_1582	chocolate	products	
ENVO:02000072	mushroom	http://aims.fao.org/aos/agrovoc/c_2487	edible fungi	products	
ENVO:02000074	cantaloupe	http://aims.fao.org/aos/agrovoc/c_12487	melons	products	
ENVO:02000074	cantaloupe	http://aims.fao.org/aos/agrovoc/c_12714	muskmelons	products	
ENVO:02000077	salad dressing	http://aims.fao.org/aos/agrovoc/c_14029	salad dressings	substances	
ENVO:02500001	desertification	http://aims.fao.org/aos/agrovoc/c_2204	desertification	phenomena	
ENVO:02500002	flooding	http://aims.fao.org/aos/agrovoc/c_2980	flooding	measure	,phenomena	
ENVO:02500004	greenhouse effect	http://aims.fao.org/aos/agrovoc/c_15585	greenhouse effect	phenomena	
ENVO:02500005	land degradation	http://aims.fao.org/aos/agrovoc/c_34823	land degradation	phenomena	
ENVO:02500009	biogeochemical cycling	http://aims.fao.org/aos/agrovoc/c_32983	biogeochemical cycle	phenomena	
ENVO:02500010	carbon cycling	http://aims.fao.org/aos/agrovoc/c_17299	carbon cycle	phenomena	
ENVO:02500011	afforestation	http://aims.fao.org/aos/agrovoc/c_162	afforestation	activities	
ENVO:02500012	deforestation	http://aims.fao.org/aos/agrovoc/c_15590	deforestation	activities	
ENVO:02500013	reforestation	http://aims.fao.org/aos/agrovoc/c_13802	reforestation	activities	
ENVO:02500019	alga	http://aims.fao.org/aos/agrovoc/c_258	Algae	organisms	
ENVO:02500028	erosion	http://aims.fao.org/aos/agrovoc/c_2651	erosion	phenomena	
ENVO:02500032	revegetation	http://aims.fao.org/aos/agrovoc/c_26815	revegetation	activities	
ENVO:02500033	evapotranspiration	http://aims.fao.org/aos/agrovoc/c_2741	evapotranspiration	measure	
ENVO:02500034	evaporation	http://aims.fao.org/aos/agrovoc/c_2739	evaporation	phenomena	
ENVO:02500035	transpiration	http://aims.fao.org/aos/agrovoc/c_7871	transpiration	phenomena	
ENVO:02500036	environmental pollution	http://aims.fao.org/aos/agrovoc/c_6077	pollution	phenomena	
ENVO:02500037	air pollution	http://aims.fao.org/aos/agrovoc/c_228	air pollution	phenomena	
ENVO:02500038	soil pollution	http://aims.fao.org/aos/agrovoc/c_7183	soil pollution	phenomena	
ENVO:02500039	water pollution	http://aims.fao.org/aos/agrovoc/c_8321	water pollution	phenomena	
ENVO:02500041	environmental monitoring	http://aims.fao.org/aos/agrovoc/c_37876	environmental monitoring	activities	
ENVO:02500042	pollution control	http://aims.fao.org/aos/agrovoc/c_6078	pollution control	activities	
ENVO:09200001	temperature of air	http://aims.fao.org/aos/agrovoc/c_230	air temperature	measure	,properties	
ENVO:1000745	drought	http://aims.fao.org/aos/agrovoc/c_2391	drought	phenomena	
ENVO:2000001	creosote	http://aims.fao.org/aos/agrovoc/c_10158	creosote	substances	
ENVO:2000004	algal bloom	http://aims.fao.org/aos/agrovoc/c_32365	plankton blooms	phenomena	
GO:0008150	biological_process	http://aims.fao.org/aos/agrovoc/c_330999	biological processes	processes	
GO:0040011	locomotion	http://aims.fao.org/aos/agrovoc/c_4413	locomotion	phenomena	
NCBITaxon:13100	Juniperus	http://aims.fao.org/aos/agrovoc/c_4062	Juniperus	organisms	
NCBITaxon:131567	cellular organisms	http://aims.fao.org/aos/agrovoc/c_930	biota	groups	
NCBITaxon:13468	Cupressus	http://aims.fao.org/aos/agrovoc/c_2026	Cupressus	organisms	
NCBITaxon:2759	Eukaryota	http://aims.fao.org/aos/agrovoc/c_330944	Eukaryota	organisms	
NCBITaxon:314295	Hominoidea	http://aims.fao.org/aos/agrovoc/c_8867	apes	organisms	
NCBITaxon:3193	Embryophyta	http://aims.fao.org/aos/agrovoc/c_330288	Embryophyta	organisms	
NCBITaxon:3193	Embryophyta	http://aims.fao.org/aos/agrovoc/c_5993	plants	organisms	
NCBITaxon:3313	Pinidae	http://aims.fao.org/aos/agrovoc/c_330348	Pinales	organisms	
NCBITaxon:33208	Metazoa	http://aims.fao.org/aos/agrovoc/c_330938	Animalia	organisms	
NCBITaxon:33208	Metazoa	http://aims.fao.org/aos/agrovoc/c_444	animals	organisms	
NCBITaxon:3367	Cupressaceae	http://aims.fao.org/aos/agrovoc/c_2025	Cupressaceae	organisms	
NCBITaxon:3398	Magnoliophyta	http://aims.fao.org/aos/agrovoc/c_330268	Magnoliophyta	organisms	
NCBITaxon:3398	Magnoliophyta	http://aims.fao.org/aos/agrovoc/c_413	angiosperms	organisms	
NCBITaxon:40551	Arecales	http://aims.fao.org/aos/agrovoc/c_330576	Arecales	organisms	
NCBITaxon:40674	Mammalia	http://aims.fao.org/aos/agrovoc/c_12358	Mammalia	organisms	
NCBITaxon:40674	Mammalia	http://aims.fao.org/aos/agrovoc/c_4560	mammals	organisms	
NCBITaxon:4447	Liliopsida	http://aims.fao.org/aos/agrovoc/c_330109	Liliopsida	organisms	
NCBITaxon:4447	Liliopsida	http://aims.fao.org/aos/agrovoc/c_4914	monocotyledons	organisms	
NCBITaxon:4710	Arecaceae	http://aims.fao.org/aos/agrovoc/c_15807	Arecaceae	organisms	
NCBITaxon:51952	Elaeis	http://aims.fao.org/aos/agrovoc/c_32975	Elaeis	organisms	
NCBITaxon:51953	Elaeis guineensis	http://aims.fao.org/aos/agrovoc/c_2509	Elaeis guineensis	organisms	
NCBITaxon:58023	Tracheophyta	http://aims.fao.org/aos/agrovoc/c_7838	Tracheophyta	organisms	
NCBITaxon:58024	Spermatophyta	http://aims.fao.org/aos/agrovoc/c_7286	Spermatophyta	organisms	
NCBITaxon:7711	Chordata	http://aims.fao.org/aos/agrovoc/c_1588	Chordata	organisms	
NCBITaxon:7742	Vertebrata <Metazoa>	http://aims.fao.org/aos/agrovoc/c_331312	Vertebrata	organisms	
NCBITaxon:7742	Vertebrata <Metazoa>	http://aims.fao.org/aos/agrovoc/c_8196	vertebrates	organisms	
NCBITaxon:9443	Primates	http://aims.fao.org/aos/agrovoc/c_6181	primates	organisms	
NCBITaxon:9606	Homo sapiens	http://aims.fao.org/aos/agrovoc/c_4586	mankind	organisms	
PATO:0000001	quality	http://aims.fao.org/aos/agrovoc/c_6400	quality	properties	
PATO:0000011	age	http://aims.fao.org/aos/agrovoc/c_186	age	properties	
PATO:0000011	age	http://aims.fao.org/aos/agrovoc/c_28630	age structure	entities	
PATO:0000025	composition	http://aims.fao.org/aos/agrovoc/c_331025	composition	properties	
PATO:0000033	concentration of	http://aims.fao.org/aos/agrovoc/c_1800	concentrates	products	
PATO:0000033	concentration of	http://aims.fao.org/aos/agrovoc/c_1801	concentrating	activities	
PATO:0000048	hardness	http://aims.fao.org/aos/agrovoc/c_25422	firmness	properties	
PATO:0000051	morphology	http://aims.fao.org/aos/agrovoc/c_49903	morphology	subjects	
PATO:0000058	odor	http://aims.fao.org/aos/agrovoc/c_14344	smell	phenomena	
PATO:0000117	size	http://aims.fao.org/aos/agrovoc/c_7093	size	measure	
PATO:0000122	length	http://aims.fao.org/aos/agrovoc/c_4260	length	measure	
PATO:0000125	mass	http://aims.fao.org/aos/agrovoc/c_4639	mass	measure	
PATO:0000136	closure	http://aims.fao.org/aos/agrovoc/c_28373	closures	substances	
PATO:0000141	structure	http://aims.fao.org/aos/agrovoc/c_330905	structures	entities	
PATO:0000146	temperature	http://aims.fao.org/aos/agrovoc/c_7657	temperature	measure	,properties	
PATO:0000165	time	http://aims.fao.org/aos/agrovoc/c_7778	time	time	
PATO:0000169	viability	http://aims.fao.org/aos/agrovoc/c_8210	viability	properties	
PATO:0000402	branched	http://aims.fao.org/aos/agrovoc/c_1057	branching	stages	
PATO:0000402	branched	http://aims.fao.org/aos/agrovoc/c_23995	branches	entities	
PATO:0000622	erect	http://aims.fao.org/aos/agrovoc/c_2636	erectness	properties	
PATO:0000918	volume	http://aims.fao.org/aos/agrovoc/c_8288	volume	measure	
PATO:0000970	permeability	http://aims.fao.org/aos/agrovoc/c_5718	permeability	properties	
PATO:0000973	porosity	http://aims.fao.org/aos/agrovoc/c_13520	porosity	properties	
PATO:0000992	viscosity	http://aims.fao.org/aos/agrovoc/c_15219	viscosity	properties	
PATO:0001025	pressure	http://aims.fao.org/aos/agrovoc/c_6174	pressure	measure	
PATO:0001029	efficiency	http://aims.fao.org/aos/agrovoc/c_2491	efficiency	properties	
PATO:0001159	concentrated	http://aims.fao.org/aos/agrovoc/c_1800	concentrates	products	
PATO:0001159	concentrated	http://aims.fao.org/aos/agrovoc/c_1801	concentrating	activities	
PATO:0001230	strength	http://aims.fao.org/aos/agrovoc/c_7445	strength	properties	
PATO:0001236	process quality	http://aims.fao.org/aos/agrovoc/c_29772	processing quality	properties	
PATO:0001323	area	http://aims.fao.org/aos/agrovoc/c_330588	area	measure	
PATO:0001429	acidic	http://aims.fao.org/aos/agrovoc/c_92	acids	substances	
PATO:0001430	alkaline	http://aims.fao.org/aos/agrovoc/c_35355	alkalinization	phenomena	
PATO:0001430	alkaline	http://aims.fao.org/aos/agrovoc/c_8721	alkalinity	properties	
PATO:0001432	decayed	http://aims.fao.org/aos/agrovoc/c_27464	biodeterioration	phenomena	
PATO:0001536	solubility	http://aims.fao.org/aos/agrovoc/c_7233	solubility	properties	
PATO:0001566	distributed	http://aims.fao.org/aos/agrovoc/c_2338	economic distribution	activities	
PATO:0001574	flow rate	http://aims.fao.org/aos/agrovoc/c_2989	flow rate	measure	
PATO:0001595	depth	http://aims.fao.org/aos/agrovoc/c_2190	depth	measure	
PATO:0001655	osmolarity	http://aims.fao.org/aos/agrovoc/c_35835	osmolality	properties	
PATO:0001741	radioactive	http://aims.fao.org/aos/agrovoc/c_6426	radioactivity	properties	
PATO:0001824	dry	http://aims.fao.org/aos/agrovoc/c_2402	drying	activities	
PATO:0001842	acidity	http://aims.fao.org/aos/agrovoc/c_8601	acidity	properties	
PATO:0001884	hydrophobicity	http://aims.fao.org/aos/agrovoc/c_33502	hydrophobicity	properties	
PATO:0001986	dissolved	http://aims.fao.org/aos/agrovoc/c_2335	dissolving	phenomena	
PATO:0002067	stratification	http://aims.fao.org/aos/agrovoc/c_7438	stratification	activities	
PCO:0000001	population	http://aims.fao.org/aos/agrovoc/c_330887	population	groups	
PCO:0000001	population	http://aims.fao.org/aos/agrovoc/c_6115	population structure	entities	
PO:0000003	whole plant	http://aims.fao.org/aos/agrovoc/c_15672	genets	organisms	
PO:0000003	whole plant	http://aims.fao.org/aos/agrovoc/c_1769	colonialism	systems	
PO:0000003	whole plant	http://aims.fao.org/aos/agrovoc/c_26823	shrubs	organisms	
PO:0000003	whole plant	http://aims.fao.org/aos/agrovoc/c_3222	genetics	subjects	
PO:0000003	whole plant	http://aims.fao.org/aos/agrovoc/c_6945	seedlings	organisms	
PO:0000003	whole plant	http://aims.fao.org/aos/agrovoc/c_7887	trees	organisms	
PO:0009011	plant structure	http://aims.fao.org/aos/agrovoc/c_13439	plant structure	properties	
PO:0025025	root system	http://aims.fao.org/aos/agrovoc/c_16034	root systems	entities	
UBERON:0000002	uterine cervix	http://aims.fao.org/aos/agrovoc/c_9717	uterine cervix	entities	
UBERON:0000004	nose	http://aims.fao.org/aos/agrovoc/c_5237	nose	entities	
UBERON:0000007	pituitary gland	http://aims.fao.org/aos/agrovoc/c_5939	pituitary gland	entities	
UBERON:0000014	zone of skin	http://aims.fao.org/aos/agrovoc/c_7097	skin	entities	
UBERON:0000019	camera-type eye	http://aims.fao.org/aos/agrovoc/c_2771	eyes	entities	
UBERON:0000022	feather	http://aims.fao.org/aos/agrovoc/c_2822	feathers	entities	
UBERON:0000029	lymph node	http://aims.fao.org/aos/agrovoc/c_12287	lymph nodes	entities	
UBERON:0000033	head	http://aims.fao.org/aos/agrovoc/c_3509	head	entities	
UBERON:0000042	serous membrane	http://aims.fao.org/aos/agrovoc/c_6984	serosa	entities	
UBERON:0000043	tendon	http://aims.fao.org/aos/agrovoc/c_7663	tendons	entities	
UBERON:0000045	ganglion	http://aims.fao.org/aos/agrovoc/c_3187	ganglia	entities	
UBERON:0000056	ureter	http://aims.fao.org/aos/agrovoc/c_8095	ureter	entities	
UBERON:0000057	urethra	http://aims.fao.org/aos/agrovoc/c_8096	urethra	entities	
UBERON:0000059	large intestine	http://aims.fao.org/aos/agrovoc/c_23815	large intestine	entities	
UBERON:0000060	anatomical wall	http://aims.fao.org/aos/agrovoc/c_8297	walls	entities	
UBERON:0000079	male reproductive system	http://aims.fao.org/aos/agrovoc/c_4536	male genital system	entities	
UBERON:0000088	trophoblast	http://aims.fao.org/aos/agrovoc/c_25388	animal embryos	entities	
UBERON:0000094	membrane organ	http://aims.fao.org/aos/agrovoc/c_28457	membranes	entities	
UBERON:0000125	neural nucleus	http://aims.fao.org/aos/agrovoc/c_5260	nucleus	entities	
UBERON:0000158	membranous layer	http://aims.fao.org/aos/agrovoc/c_28457	membranes	entities	
UBERON:0000159	anal canal	http://aims.fao.org/aos/agrovoc/c_520	anus	entities	
UBERON:0000160	intestine	http://aims.fao.org/aos/agrovoc/c_3924	intestines	entities	
UBERON:0000162	cloaca	http://aims.fao.org/aos/agrovoc/c_9901	cloaca	entities	
UBERON:0000165	mouth	http://aims.fao.org/aos/agrovoc/c_4960	mouth	entities	
UBERON:0000170	pair of lungs	http://aims.fao.org/aos/agrovoc/c_4462	lungs	entities	
UBERON:0000173	amniotic fluid	http://aims.fao.org/aos/agrovoc/c_34211	amniotic fluid	entities	
UBERON:0000174	excreta	http://aims.fao.org/aos/agrovoc/c_2749	excreta	substances	
UBERON:0000178	blood	http://aims.fao.org/aos/agrovoc/c_959	blood	entities	
UBERON:0000211	ligament	http://aims.fao.org/aos/agrovoc/c_4319	ligaments	entities	
UBERON:0000305	amnion	http://aims.fao.org/aos/agrovoc/c_8771	amnion	entities	
UBERON:0000310	breast	http://aims.fao.org/aos/agrovoc/c_4562	mammary glands	entities	
UBERON:0000323	late embryo	http://aims.fao.org/aos/agrovoc/c_3006	foetus	entities	
UBERON:0000344	mucosa	http://aims.fao.org/aos/agrovoc/c_4967	mucous membrane	entities	
UBERON:0000353	parenchyma	http://aims.fao.org/aos/agrovoc/c_5582	parenchyma	entities	
UBERON:0000358	blastocyst	http://aims.fao.org/aos/agrovoc/c_31776	Blastocystis	organisms	
UBERON:0000456	bodily secretion	http://aims.fao.org/aos/agrovoc/c_6922	secretion	phenomena	
UBERON:0000464	anatomical space	http://aims.fao.org/aos/agrovoc/c_330769	space	measure	
UBERON:0000468	multicellular organism	http://aims.fao.org/aos/agrovoc/c_31917	animal structure	properties	
UBERON:0000473	testis	http://aims.fao.org/aos/agrovoc/c_37146	Orchis	organisms	
UBERON:0000473	testis	http://aims.fao.org/aos/agrovoc/c_7682	testes	entities	
UBERON:0000474	female reproductive system	http://aims.fao.org/aos/agrovoc/c_2850	female genital system	entities	
UBERON:0000475	organism subdivision	http://aims.fao.org/aos/agrovoc/c_50164	bodies	groups	
UBERON:0000475	organism subdivision	http://aims.fao.org/aos/agrovoc/c_981	body parts	entities	
UBERON:0000475	organism subdivision	http://aims.fao.org/aos/agrovoc/c_982	body regions	entities	
UBERON:0000479	tissue	http://aims.fao.org/aos/agrovoc/c_49880	tissue	entities	
UBERON:0000483	epithelium	http://aims.fao.org/aos/agrovoc/c_2624	epithelium	entities	
UBERON:0000910	chyme	http://aims.fao.org/aos/agrovoc/c_9852	chyme	substances	
UBERON:0000911	chyle	http://aims.fao.org/aos/agrovoc/c_9851	chyle	entities	
UBERON:0000912	mucus	http://aims.fao.org/aos/agrovoc/c_4972	mucus	entities	
UBERON:0000915	thoracic segment of trunk	http://aims.fao.org/aos/agrovoc/c_7735	thorax	entities	
UBERON:0000916	abdomen	http://aims.fao.org/aos/agrovoc/c_9	abdomen	entities	
UBERON:0000922	embryo	http://aims.fao.org/aos/agrovoc/c_50199	development organizations	entities	
UBERON:0000945	stomach	http://aims.fao.org/aos/agrovoc/c_7422	stomach	entities	
UBERON:0000947	aorta	http://aims.fao.org/aos/agrovoc/c_33939	aorta	entities	
UBERON:0000948	heart	http://aims.fao.org/aos/agrovoc/c_3516	heart	entities	
UBERON:0000955	brain	http://aims.fao.org/aos/agrovoc/c_1053	brain	entities	
UBERON:0000964	cornea	http://aims.fao.org/aos/agrovoc/c_10112	cornea	entities	
UBERON:0000965	lens of camera-type eye	http://aims.fao.org/aos/agrovoc/c_12137	eye lens	entities	
UBERON:0000965	lens of camera-type eye	http://aims.fao.org/aos/agrovoc/c_24043	Lens	organisms	
UBERON:0000966	retina	http://aims.fao.org/aos/agrovoc/c_13899	retina	entities	
UBERON:0000974	neck	http://aims.fao.org/aos/agrovoc/c_5097	neck	entities	
UBERON:0000977	pleura	http://aims.fao.org/aos/agrovoc/c_6014	pleura	entities	
UBERON:0000978	leg	http://aims.fao.org/aos/agrovoc/c_12129	legs	entities	
UBERON:0000979	tibia	http://aims.fao.org/aos/agrovoc/c_14885	tibia	entities	
UBERON:0000981	femur	http://aims.fao.org/aos/agrovoc/c_10785	femur	entities	
UBERON:0000989	penis	http://aims.fao.org/aos/agrovoc/c_5673	penis	entities	
UBERON:0000990	reproductive system	http://aims.fao.org/aos/agrovoc/c_27961	genitalia	entities	
UBERON:0000991	gonad	http://aims.fao.org/aos/agrovoc/c_34291	gonads	entities	
UBERON:0000992	female gonad	http://aims.fao.org/aos/agrovoc/c_5456	ovaries	entities	
UBERON:0000993	oviduct	http://aims.fao.org/aos/agrovoc/c_5461	oviducts	entities	
UBERON:0000995	uterus	http://aims.fao.org/aos/agrovoc/c_8125	uterus	entities	
UBERON:0000996	vagina	http://aims.fao.org/aos/agrovoc/c_8142	vagina	entities	
UBERON:0000998	seminal vesicle	http://aims.fao.org/aos/agrovoc/c_24416	vesicular glands	entities	
UBERON:0001004	respiratory system	http://aims.fao.org/aos/agrovoc/c_6531	respiratory system	entities	
UBERON:0001007	digestive system	http://aims.fao.org/aos/agrovoc/c_2275	digestive system	entities	
UBERON:0001008	renal system	http://aims.fao.org/aos/agrovoc/c_8099	urinary tract	entities	
UBERON:0001013	adipose tissue	http://aims.fao.org/aos/agrovoc/c_129	adipose tissue	entities	
UBERON:0001015	musculature	http://aims.fao.org/aos/agrovoc/c_5003	muscles	entities	
UBERON:0001016	nervous system	http://aims.fao.org/aos/agrovoc/c_5138	nervous system	entities	
UBERON:0001017	central nervous system	http://aims.fao.org/aos/agrovoc/c_1438	central nervous system	entities	
UBERON:0001021	nerve	http://aims.fao.org/aos/agrovoc/c_5137	nerves	entities	
UBERON:0001032	sensory system	http://aims.fao.org/aos/agrovoc/c_6971	sense organs	entities	
UBERON:0001037	strand of hair	http://aims.fao.org/aos/agrovoc/c_3471	hair	entities	
UBERON:0001040	yolk sac	http://aims.fao.org/aos/agrovoc/c_15464	yolk sac	entities	
UBERON:0001043	esophagus	http://aims.fao.org/aos/agrovoc/c_5319	oesophagus	entities	
UBERON:0001044	saliva-secreting gland	http://aims.fao.org/aos/agrovoc/c_6753	salivary glands	entities	
UBERON:0001048	primordium	http://aims.fao.org/aos/agrovoc/c_1132	budding	activities	
UBERON:0001048	primordium	http://aims.fao.org/aos/agrovoc/c_1135	buds	entities	
UBERON:0001052	rectum	http://aims.fao.org/aos/agrovoc/c_13772	rectum	entities	
UBERON:0001054	Malpighian tubule	http://aims.fao.org/aos/agrovoc/c_16568	malpighian tubules	entities	
UBERON:0001066	intervertebral disk	http://aims.fao.org/aos/agrovoc/c_11814	intervertebral disks	entities	
UBERON:0001074	pericardial cavity	http://aims.fao.org/aos/agrovoc/c_13240	pericardial cavity	entities	
UBERON:0001088	urine	http://aims.fao.org/aos/agrovoc/c_8103	urine	entities	,substances	
UBERON:0001090	synovial fluid	http://aims.fao.org/aos/agrovoc/c_7573	synovial fluid	entities	
UBERON:0001130	vertebral column	http://aims.fao.org/aos/agrovoc/c_7306	spine	entities	
UBERON:0001132	parathyroid gland	http://aims.fao.org/aos/agrovoc/c_5580	parathyroid gland	entities	
UBERON:0001133	cardiac muscle tissue	http://aims.fao.org/aos/agrovoc/c_34055	myocardium	entities	
UBERON:0001136	mesothelium	http://aims.fao.org/aos/agrovoc/c_6984	serosa	entities	
UBERON:0001137	dorsum	http://aims.fao.org/aos/agrovoc/c_762	back	entities	
UBERON:0001153	caecum	http://aims.fao.org/aos/agrovoc/c_9683	cecum	entities	
UBERON:0001155	colon	http://aims.fao.org/aos/agrovoc/c_10010	colon	entities	
UBERON:0001166	pylorus	http://aims.fao.org/aos/agrovoc/c_13687	pylorus	entities	
UBERON:0001211	Peyer's patch	http://aims.fao.org/aos/agrovoc/c_34879	peyer patches	entities	
UBERON:0001224	renal pelvis	http://aims.fao.org/aos/agrovoc/c_13807	renal pelvis	entities	
UBERON:0001235	adrenal cortex	http://aims.fao.org/aos/agrovoc/c_10121	adrenal cortex	entities	
UBERON:0001255	urinary bladder	http://aims.fao.org/aos/agrovoc/c_949	bladder	entities	
UBERON:0001264	pancreas	http://aims.fao.org/aos/agrovoc/c_5526	pancreas	entities	
UBERON:0001295	endometrium	http://aims.fao.org/aos/agrovoc/c_10601	endometrium	entities	
UBERON:0001296	myometrium	http://aims.fao.org/aos/agrovoc/c_12748	myometrium	entities	
UBERON:0001301	epididymis	http://aims.fao.org/aos/agrovoc/c_10635	epididymis	entities	
UBERON:0001305	ovarian follicle	http://aims.fao.org/aos/agrovoc/c_32465	ovarian follicles	entities	
UBERON:0001348	brown adipose tissue	http://aims.fao.org/aos/agrovoc/c_9455	brown adipose tissue	entities	
UBERON:0001352	external acoustic meatus	http://aims.fao.org/aos/agrovoc/c_8999	auditory meatus	entities	
UBERON:0001359	cerebrospinal fluid	http://aims.fao.org/aos/agrovoc/c_1475	cerebrospinal fluid	entities	
UBERON:0001443	chest	http://aims.fao.org/aos/agrovoc/c_7735	thorax	entities	
UBERON:0001473	lymphatic vessel	http://aims.fao.org/aos/agrovoc/c_12290	lymphatic vessels	entities	
UBERON:0001474	bone element	http://aims.fao.org/aos/agrovoc/c_1001	bones	entities	
UBERON:0001637	artery	http://aims.fao.org/aos/agrovoc/c_8948	arteries	entities	
UBERON:0001690	ear	http://aims.fao.org/aos/agrovoc/c_2436	ears	entities	
UBERON:0001707	nasal cavity	http://aims.fao.org/aos/agrovoc/c_12772	nasal cavity	entities	
UBERON:0001711	eyelid	http://aims.fao.org/aos/agrovoc/c_10720	eyelids	entities	
UBERON:0001723	tongue	http://aims.fao.org/aos/agrovoc/c_7809	tongue	entities	
UBERON:0001753	cementum	http://aims.fao.org/aos/agrovoc/c_1426	cement	substances	
UBERON:0001769	iris	http://aims.fao.org/aos/agrovoc/c_3947	Iris	organisms	
UBERON:0001811	conjunctiva	http://aims.fao.org/aos/agrovoc/c_10074	conjunctiva	entities	
UBERON:0001820	sweat gland	http://aims.fao.org/aos/agrovoc/c_14720	sweat glands	entities	
UBERON:0001821	sebaceous gland	http://aims.fao.org/aos/agrovoc/c_14155	sebaceous glands	entities	
UBERON:0001828	gingiva	http://aims.fao.org/aos/agrovoc/c_11159	gingiva	entities	
UBERON:0001828	gingiva	http://aims.fao.org/aos/agrovoc/c_3441	gums	products	,substances	
UBERON:0001836	saliva	http://aims.fao.org/aos/agrovoc/c_6752	saliva	entities	
UBERON:0001851	cortex	http://aims.fao.org/aos/agrovoc/c_1908	cortex	entities	
UBERON:0001866	sebum	http://aims.fao.org/aos/agrovoc/c_6917	sebum	entities	
UBERON:0001886	choroid plexus	http://aims.fao.org/aos/agrovoc/c_13460	choroid plexus	entities	
UBERON:0001893	telencephalon	http://aims.fao.org/aos/agrovoc/c_9713	cerebrum	entities	
UBERON:0001896	medulla oblongata	http://aims.fao.org/aos/agrovoc/c_12476	medulla oblongata	entities	
UBERON:0001898	hypothalamus	http://aims.fao.org/aos/agrovoc/c_11691	hypothalamus	entities	
UBERON:0001911	mammary gland	http://aims.fao.org/aos/agrovoc/c_4562	mammary glands	entities	
UBERON:0001913	milk	http://aims.fao.org/aos/agrovoc/c_4826	milk	entities	,products	
UBERON:0001954	Ammon's horn	http://aims.fao.org/aos/agrovoc/c_41730	Hippocampus hippocampus	organisms	
UBERON:0001961	mucosa-associated lymphoid tissue	http://aims.fao.org/aos/agrovoc/c_4547	malt	products	
UBERON:0001969	blood plasma	http://aims.fao.org/aos/agrovoc/c_9320	blood plasma	entities	
UBERON:0001970	bile	http://aims.fao.org/aos/agrovoc/c_902	bile	entities	
UBERON:0001987	placenta	http://aims.fao.org/aos/agrovoc/c_5944	placenta	entities	
UBERON:0001988	feces	http://aims.fao.org/aos/agrovoc/c_2772	faeces	substances	
UBERON:0002037	cerebellum	http://aims.fao.org/aos/agrovoc/c_9711	cerebellum	entities	
UBERON:0002046	thyroid gland	http://aims.fao.org/aos/agrovoc/c_7753	thyroid gland	entities	
UBERON:0002050	embryonic structure	http://aims.fao.org/aos/agrovoc/c_331448	embryonic structures	entities	
UBERON:0002067	dermis	http://aims.fao.org/aos/agrovoc/c_7097	skin	entities	
UBERON:0002082	cardiac ventricle	http://aims.fao.org/aos/agrovoc/c_37346	heart ventricles	entities	
UBERON:0002100	trunk	http://aims.fao.org/aos/agrovoc/c_15017	trunks	entities	
UBERON:0002101	limb	http://aims.fao.org/aos/agrovoc/c_4338	limbs	entities	
UBERON:0002106	spleen	http://aims.fao.org/aos/agrovoc/c_7314	spleen	entities	
UBERON:0002107	liver	http://aims.fao.org/aos/agrovoc/c_4395	liver	entities	
UBERON:0002108	small intestine	http://aims.fao.org/aos/agrovoc/c_23814	small intestine	entities	
UBERON:0002110	gall bladder	http://aims.fao.org/aos/agrovoc/c_3173	gall bladder	entities	
UBERON:0002113	kidney	http://aims.fao.org/aos/agrovoc/c_4099	kidneys	entities	
UBERON:0002114	duodenum	http://aims.fao.org/aos/agrovoc/c_10486	duodenum	entities	
UBERON:0002115	jejunum	http://aims.fao.org/aos/agrovoc/c_11900	jejunum	entities	
UBERON:0002116	ileum	http://aims.fao.org/aos/agrovoc/c_11704	ileum	entities	
UBERON:0002169	alveolar sac	http://aims.fao.org/aos/agrovoc/c_229	air sacs	entities	
UBERON:0002185	bronchus	http://aims.fao.org/aos/agrovoc/c_1110	bronchi	entities	
UBERON:0002196	adenohypophysis	http://aims.fao.org/aos/agrovoc/c_8620	adenohypophysis	entities	
UBERON:0002198	neurohypophysis	http://aims.fao.org/aos/agrovoc/c_12807	neurohypophysis	entities	
UBERON:0002199	integument	http://aims.fao.org/aos/agrovoc/c_3904	integument	entities	
UBERON:0002204	musculoskeletal system	http://aims.fao.org/aos/agrovoc/c_5005	musculoskeletal system	entities	
UBERON:0002240	spinal cord	http://aims.fao.org/aos/agrovoc/c_7305	spinal cord	entities	
UBERON:0002268	olfactory organ	http://aims.fao.org/aos/agrovoc/c_5344	olfactory organs	entities	
UBERON:0002299	alveolus of lung	http://aims.fao.org/aos/agrovoc/c_8746	alveoli	entities	
UBERON:0002323	coelemic cavity lumen	http://aims.fao.org/aos/agrovoc/c_978	body cavities	entities	
UBERON:0002349	myocardium	http://aims.fao.org/aos/agrovoc/c_34055	myocardium	entities	
UBERON:0002355	pelvic region of trunk	http://aims.fao.org/aos/agrovoc/c_5666	pelvis	entities	
UBERON:0002358	peritoneum	http://aims.fao.org/aos/agrovoc/c_5712	peritoneum	entities	
UBERON:0002363	dura mater	http://aims.fao.org/aos/agrovoc/c_10487	dura mater	entities	
UBERON:0002364	tympanic membrane	http://aims.fao.org/aos/agrovoc/c_15044	tympanic membrane	entities	
UBERON:0002365	exocrine gland	http://aims.fao.org/aos/agrovoc/c_27975	exocrine glands	entities	
UBERON:0002367	prostate gland	http://aims.fao.org/aos/agrovoc/c_24407	prostate	entities	
UBERON:0002368	endocrine gland	http://aims.fao.org/aos/agrovoc/c_2559	endocrine glands	entities	
UBERON:0002369	adrenal gland	http://aims.fao.org/aos/agrovoc/c_135	adrenal glands	entities	
UBERON:0002370	thymus	http://aims.fao.org/aos/agrovoc/c_14878	thymus gland	entities	
UBERON:0002371	bone marrow	http://aims.fao.org/aos/agrovoc/c_998	bone marrow	entities	
UBERON:0002372	tonsil	http://aims.fao.org/aos/agrovoc/c_14923	tonsillitis	phenomena	
UBERON:0002372	tonsil	http://aims.fao.org/aos/agrovoc/c_24413	tonsils	entities	
UBERON:0002384	connective tissue	http://aims.fao.org/aos/agrovoc/c_10076	connective tissue	entities	
UBERON:0002387	pes	http://aims.fao.org/aos/agrovoc/c_2dff8ae7	Payment for Ecosystem Services	activities	
UBERON:0002391	lymph	http://aims.fao.org/aos/agrovoc/c_4481	lymph	entities	
UBERON:0002394	bile duct	http://aims.fao.org/aos/agrovoc/c_904	bile ducts	entities	
UBERON:0002402	pleural cavity	http://aims.fao.org/aos/agrovoc/c_13458	pleural cavity	entities	
UBERON:0002405	immune system	http://aims.fao.org/aos/agrovoc/c_27554	immune system	phenomena	
UBERON:0002407	pericardium	http://aims.fao.org/aos/agrovoc/c_5702	pericardium	entities	
UBERON:0002410	autonomic nervous system	http://aims.fao.org/aos/agrovoc/c_723	autonomic nervous system	entities	
UBERON:0002412	vertebra	http://aims.fao.org/aos/agrovoc/c_15155	vertebrae	entities	
UBERON:0002418	cartilage tissue	http://aims.fao.org/aos/agrovoc/c_1342	cartilage	entities	
UBERON:0002419	skin gland	http://aims.fao.org/aos/agrovoc/c_7099	skin glands	entities	
UBERON:0002421	hippocampal formation	http://aims.fao.org/aos/agrovoc/c_41730	Hippocampus hippocampus	organisms	
UBERON:0002428	limb bone	http://aims.fao.org/aos/agrovoc/c_4336	limb bones	entities	
UBERON:0002470	autopod region	http://aims.fao.org/aos/agrovoc/c_13475	pods	entities	
UBERON:0002481	bone tissue	http://aims.fao.org/aos/agrovoc/c_1002	boning	activities	
UBERON:0002512	corpus luteum	http://aims.fao.org/aos/agrovoc/c_1905	corpus luteum	entities	
UBERON:0003055	periderm	http://aims.fao.org/aos/agrovoc/c_5704	periderm	entities	
UBERON:0003100	female organism	http://aims.fao.org/aos/agrovoc/c_15969	females	organisms	
UBERON:0003101	male organism	http://aims.fao.org/aos/agrovoc/c_15995	males	organisms	
UBERON:0003103	compound organ	http://aims.fao.org/aos/agrovoc/c_5384	organic compounds	substances	
UBERON:0003124	chorion	http://aims.fao.org/aos/agrovoc/c_9836	chorion	entities	
UBERON:0003126	trachea	http://aims.fao.org/aos/agrovoc/c_7836	trachea	entities	
UBERON:0003129	skull	http://aims.fao.org/aos/agrovoc/c_7104	skull	entities	
UBERON:0003133	reproductive organ	http://aims.fao.org/aos/agrovoc/c_27961	genitalia	entities	
UBERON:0003221	phalanx	http://aims.fao.org/aos/agrovoc/c_13275	phalanges	entities	
UBERON:0003672	dentition	http://aims.fao.org/aos/agrovoc/c_7650	teeth	entities	
UBERON:0003685	cranial suture	http://aims.fao.org/aos/agrovoc/c_16466	sutures	activities	
UBERON:0003688	omentum	http://aims.fao.org/aos/agrovoc/c_12927	omentum	entities	
UBERON:0004122	genitourinary system	http://aims.fao.org/aos/agrovoc/c_8107	urogenital system	entities	
UBERON:0004250	upper arm bone	http://aims.fao.org/aos/agrovoc/c_11637	humerus	entities	
UBERON:0004288	skeleton	http://aims.fao.org/aos/agrovoc/c_1001	bones	entities	
UBERON:0004529	anatomical projection	http://aims.fao.org/aos/agrovoc/c_13586	processes	processes	
UBERON:0004529	anatomical projection	http://aims.fao.org/aos/agrovoc/c_7306	spine	entities	
UBERON:0004535	cardiovascular system	http://aims.fao.org/aos/agrovoc/c_1317	cardiovascular system	entities	
UBERON:0004537	blood vasculature	http://aims.fao.org/aos/agrovoc/c_971	blood vessels	entities	
UBERON:0004739	pronephric glomerulus	http://aims.fao.org/aos/agrovoc/c_31772	Glomus	organisms	
UBERON:0006558	lymphatic part of lymphoid system	http://aims.fao.org/aos/agrovoc/c_4483	lymphatic system	entities	
UBERON:0006562	pharynx	http://aims.fao.org/aos/agrovoc/c_5761	pharynx	entities	
UBERON:0007197	hermaphroditic organism	http://aims.fao.org/aos/agrovoc/c_3571	hermaphroditism	phenomena	
UBERON:0007376	outer epithelium	http://aims.fao.org/aos/agrovoc/c_2617	epidermis	entities	
UBERON:0007808	adipose tissue of abdominal region	http://aims.fao.org/aos/agrovoc/c_33269	abdominal fat	entities	
UBERON:0007823	appendage girdle region	http://aims.fao.org/aos/agrovoc/c_6606	girdling	activities	
UBERON:0007844	cartilage element	http://aims.fao.org/aos/agrovoc/c_1342	cartilage	entities	
UBERON:0008338	plantar part of pes	http://aims.fao.org/aos/agrovoc/c_330074	Plantae	organisms	
UBERON:0008338	plantar part of pes	http://aims.fao.org/aos/agrovoc/c_7227	soles	organisms	
UBERON:0009034	stomach region	http://aims.fao.org/aos/agrovoc/c_7422	stomach	entities	
UBERON:0009145	pharyngeal region of foregut	http://aims.fao.org/aos/agrovoc/c_13281	pharyngitis	phenomena	
UBERON:0009569	subdivision of trunk	http://aims.fao.org/aos/agrovoc/c_15017	trunks	entities	
UBERON:0009870	zone of stomach	http://aims.fao.org/aos/agrovoc/c_7422	stomach	entities	
UBERON:0010305	region of conjunctiva	http://aims.fao.org/aos/agrovoc/c_10074	conjunctiva	entities	
UBERON:0010364	dermal skeleton	http://aims.fao.org/aos/agrovoc/c_2754	exoskeleton	entities	
UBERON:0010743	meningeal cluster	http://aims.fao.org/aos/agrovoc/c_4738	meninges	entities	
UBERON:0011252	scent gland	http://aims.fao.org/aos/agrovoc/c_14116	scent glands	entities	
UBERON:0012112	ingested food	http://aims.fao.org/aos/agrovoc/c_3022	food intake	phenomena	
UBERON:0012356	pedal acropodium region	http://aims.fao.org/aos/agrovoc/c_14912	toes	entities	
UBERON:0012464	cloacal vent	http://aims.fao.org/aos/agrovoc/c_8189	ventilators	objects	
UBERON:0013702	body proper	http://aims.fao.org/aos/agrovoc/c_50164	bodies	groups	
UBERON:0013702	body proper	http://aims.fao.org/aos/agrovoc/c_982	body regions	entities	
UBERON:0016566	pit	http://aims.fao.org/aos/agrovoc/c_5938	pits	entities	
UBERON:0018707	bladder organ	http://aims.fao.org/aos/agrovoc/c_949	bladder	entities	
UBERON:0019143	intramuscular adipose tissue	http://aims.fao.org/aos/agrovoc/c_331321	intramuscular fat	entities	
